# r  u(r)   [n 0f7/2, S = 4.912999999999999 MeV, V0 fitted, R = 3.9982382913137022 fm]
0.01 2.8683089794397073e-10
0.02 4.589294367103532e-9
0.03 2.3231657099007225e-8
0.04 7.34162733807333e-8
0.05 1.792162702553033e-7
0.06 3.715654151163952e-7
0.07 6.882450787407464e-7
0.08 1.173868311692007e-6
0.09 1.8798610399891958e-6
0.1 2.8644403868876353e-6
0.11 4.192590128573456e-6
0.12 5.936033292524125e-6
0.13 8.173201908236747e-6
0.14 1.0989203920972775e-5
0.15 1.4475787280111996e-5
0.16 1.8731301214650008e-5
0.17 2.3860654709311446e-5
0.18 2.9975272195685954e-5
0.19 3.719304647372459e-5
0.2 4.563828887986142e-5
0.21 5.54416767189475e-5
0.22 6.67401979781024e-5
0.23 7.96770933415018e-5
0.24 9.440179552602741e-5
0.25 0.00011106986595860858
0.26 0.0001298429288169819
0.27 0.0001508886024564859
0.28 0.00017438042824639366
0.29 0.00020049779684016425
0.3 0.0002294258719048661
0.31 0.00026135551133589047
0.32 0.00029648318598393013
0.33 0.000335010895922051
0.34 0.0003771460842815239
0.35000000000000003 0.00042310154868592113
0.36 0.00047309535031380843
0.37 0.0005273507206211789
0.38 0.0005860959657555884
0.39 0.0006495643686947495
0.4 0.0007179940891431348
0.41000000000000003 0.0007916280612209187
0.42 0.0008707138889803627
0.43 0.0009555037397855108
0.44 0.0010462542355918112
0.45 0.0011432263421630284
0.46 0.0012466852562635297
0.47000000000000003 0.0013569002908647683
0.48 0.001474144758405475
0.49 0.001598695852145786
0.5 0.0017308345256562053
0.51 0.0018708453704829938
0.52 0.002019016492032221
0.53 0.0021756393837153807
0.54 0.002341008799400105
0.55 0.0025154226242101365
0.56 0.0026991817437193384
0.5700000000000001 0.0028925899115851157
0.58 0.003095953615667207
0.59 0.0033095819426784035
0.6 0.003533786441414262
0.61 0.003768880984609499
0.62 0.004015181629469211
0.63 0.004273006476923644
0.64 0.004542675529655709
0.65 0.004824510548950932
0.66 0.0051188349104200346
0.67 0.005425973458644752
0.68 0.005746252360797989
0.6900000000000001 0.006079998959289818
0.7000000000000001 0.006427541623491255
0.71 0.006789209600588145
0.72 0.007165332865617859
0.73 0.007556241970741927
0.74 0.007962267893808002
0.75 0.00838374188625498
0.76 0.008820995320415345
0.77 0.009274359536269178
0.78 0.009744165687704509
0.79 0.010230744588339008
0.8 0.010734426556958224
0.81 0.011255541262625868
0.8200000000000001 0.011794417569521817
0.8300000000000001 0.012351383381563752
0.84 0.01292676548686854
0.85 0.013520889402109588
0.86 0.014134079216826651
0.87 0.014766657437744586
0.88 0.015418944833157807
0.89 0.016091260277437177
0.9 0.016783920595716234
0.91 0.017497240408813702
0.92 0.018231531978449254
0.93 0.018987105052809594
0.9400000000000001 0.019764266712521867
0.9500000000000001 0.020563321217091462
0.96 0.021384569851861244
0.97 0.022228310775549143
0.98 0.02309483886842111
0.99 0.0239844455811562
1.0 0.024897418784460678
1.01 0.025834042619487664
1.02 0.02679459734911893
1.03 0.0277793592101652
1.04 0.028788600266541165
1.05 0.02982258826347126
1.06 0.030881586482782036
1.07 0.03196585359933673
1.08 0.033075643538667404
1.09 0.034211205335859744
1.1 0.03537278299574551
1.11 0.03656061535445695
1.12 0.037774935942397656
1.1300000000000001 0.03901597284868365
1.1400000000000001 0.040283948587108244
1.1500000000000001 0.041579079963684006
1.16 0.042901577945814534
1.17 0.04425164753314851
1.18 0.045629487630168004
1.19 0.04703529092056266
1.2 0.04846924374344072
1.21 0.04993152597142777
1.22 0.051422310890703066
1.23 0.05294176508302329
1.24 0.054490048309782754
1.25 0.05606731339815856
1.26 0.05767370612938892
1.27 0.059309365129231705
1.28 0.06097442176065049
1.29 0.06266900001877385
1.3 0.06439321642817389
1.31 0.06614717994250864
1.32 0.06793099184657261
1.33 0.06974474566079931
1.34 0.07158852704825841
1.35 0.0734624137241896
1.36 0.07536647536811482
1.37 0.07730077353856944
1.3800000000000001 0.07926536159049218
1.3900000000000001 0.081260284595313
1.4000000000000001 0.0832855792637773
1.41 0.08534127387154394
1.42 0.08742738818759341
1.43 0.08954393340548265
1.44 0.09169091207748083
1.45 0.09386831805162049
1.46 0.09607613641169714
1.47 0.09831434342024953
1.48 0.10058290646455224
1.49 0.10288178400565048
1.5 0.10521092553046699
1.51 0.10757027150700926
1.52 0.10995975334270482
1.53 0.11237929334589074
1.54 0.11482880469048315
1.55 0.11730819138385103
1.56 0.1198173482379179
1.57 0.12235616084351336
1.58 0.12492450554799639
1.59 0.12752224943617
1.6 0.13014925031450675
1.61 0.13280535669870305
1.62 0.13549040780457927
1.6300000000000001 0.13820423354234085
1.6400000000000001 0.1409466545142159
1.6500000000000001 0.1437174820154823
1.6600000000000001 0.14651651803889634
1.67 0.14934355528253485
1.68 0.15219837716105974
1.69 0.15508075782041444
1.7 0.15799046215595974
1.71 0.1609272458340548
1.72 0.16389085531708925
1.73 0.1668810278919692
1.74 0.16989749170206112
1.75 0.1729399657825934
1.76 0.17600816009951722
1.77 0.17910177559182408
1.78 0.18222050421731895
1.79 0.18536402900184418
1.8 0.18853202409194958
1.81 0.1917241548110025
1.82 0.1949400777187301
1.83 0.19817944067418433
1.84 0.2014418829021208
1.85 0.20472703506277784
1.86 0.2080345193250448
1.87 0.21136394944300382
1.8800000000000001 0.21471493083583068
1.8900000000000001 0.21808706067103673
1.9000000000000001 0.2214799279510344
1.9100000000000001 0.2248931136030058
1.92 0.2283261905720544
1.93 0.23177872391761647
1.94 0.23525027091310957
1.95 0.23874038114879162
1.96 0.24224859663780576
1.97 0.24577445192538178
1.98 0.2493174742011661
1.99 0.2528771834146486
2.0 0.25645309239365555
2.0100000000000002 0.2600447069658746
2.02 0.263651526083378
2.0300000000000002 0.2672730419501072
2.04 0.2709087401522821
2.05 0.27455809979169654
2.06 0.2782205936218593
2.07 0.28189568818694005
2.08 0.2855828439634767
2.09 0.28928151550480175
2.1 0.29299115158814015
2.11 0.29671119536433443
2.12 0.3004410845101467
2.13 0.30418025138309057
2.14 0.307928123178741
2.15 0.31168412209047097
2.16 0.31544766547156183
2.17 0.31921816599963254
2.18 0.322995031843333
2.19 0.3267776668312438
2.2 0.33056547062292546
2.21 0.3343578388820565
2.22 0.3381541634516012
2.23 0.3419538325309448
2.24 0.34575623085493334
2.25 0.3495607398747541
2.2600000000000002 0.3533667379405924
2.27 0.3571736004859973
2.2800000000000002 0.3609807002138894
2.29 0.36478740728414333
2.3000000000000003 0.36859308950267355
2.31 0.372397112511955
2.32 0.3761988399829054
2.33 0.37999763380805773
2.34 0.38379285429594945
2.35 0.3875838603666533
2.36 0.39137000974837477
2.37 0.3951506591750398
2.38 0.3989251645847962
2.39 0.4026928813193499
2.4 0.40645316432405737
2.41 0.41020536834869586
2.42 0.41394884814882843
2.43 0.4176829586876862
2.44 0.42140705533848233
2.45 0.4251204940870785
2.46 0.4288226317349179
2.47 0.4325128261021434
2.48 0.43619043623081516
2.49 0.4398548225881428
2.5 0.44350534726964774
2.5100000000000002 0.4471413742021691
2.52 0.45076226934662705
2.5300000000000002 0.4543674009004571
2.54 0.4579561394996282
2.5500000000000003 0.4615278584201573
2.56 0.4650819337790329
2.57 0.46861774473445983
2.58 0.47213467368533696
2.59 0.4756321064698799
2.6 0.4791094325633007
2.61 0.48256604527445524
2.62 0.48600134194137157
2.63 0.48941472412556897
2.64 0.49280559780508115
2.65 0.496173373566095
2.66 0.49951746679311626
2.67 0.5028372978575757
2.68 0.5061322923047866
2.69 0.509401881039169
2.7 0.5126455005076511
2.71 0.5158625928811634
2.72 0.5190526062341396
2.73 0.5222149947219377
2.74 0.5253492187560982
2.75 0.5284547451773545
2.7600000000000002 0.5315310474263113
2.77 0.5345776057117104
2.7800000000000002 0.5375939071762
2.79 0.5405794460595273
2.8000000000000003 0.5435337238590747
2.81 0.5464562494876594
2.82 0.5493465394285189
2.83 0.5522041178874055
2.84 0.5550285169417137
2.85 0.5578192766865651
2.86 0.5605759453777776
2.87 0.5632980795716481
2.88 0.565985244261475
2.89 0.5686370130107529
2.9 0.5712529680829715
2.91 0.5738327005679512
2.92 0.5763758105046514
2.93 0.5788819070003866
2.94 0.581350608346392
2.95 0.5837815421296736
2.96 0.5861743453410896
2.97 0.5885286644796032
2.98 0.590844155652655
2.99 0.5931204846725997
3.0 0.59535732714916
3.0100000000000002 0.597554368577846
3.02 0.5997113044242959
3.0300000000000002 0.601827840204492
3.04 0.6039036915608123
3.0500000000000003 0.6059385843338747
3.06 0.6079322546301404
3.0700000000000003 0.6098844488852356
3.08 0.6117949239229643
3.09 0.6136634470099784
3.1 0.6154897959060773
3.11 0.6172737589101123
3.12 0.6190151349014722
3.13 0.6207137333771293
3.14 0.6223693744842286
3.15 0.6239818890482038
3.16 0.6255511185964081
3.17 0.6270769153772494
3.18 0.6285591423748224
3.19 0.6299976733190329
3.2 0.6313923926912132
3.21 0.6327431957252271
3.22 0.6340499884040711
3.23 0.6353126874519753
3.24 0.6365312203220148
3.25 0.6377055251792428
3.2600000000000002 0.6388355508793607
3.27 0.6399212569429413
3.2800000000000002 0.6409626135252272
3.29 0.6419596013815261
3.3000000000000003 0.642912211828229
3.31 0.6438204466994821
3.3200000000000003 0.6446843182995401
3.33 0.6455038493508387
3.34 0.6462790729378207
3.35 0.6470100324465587
3.36 0.6476967815002115
3.37 0.6483393838903664
3.38 0.6489379135043092
3.39 0.649492454248276
3.4 0.6500030999667373
3.41 0.6504699543577743
3.42 0.6508931308845994
3.43 0.6512727526832878
3.44 0.6516089524667801
3.45 0.6519018724252221
3.46 0.65215166412271
3.47 0.6523584883905111
3.48 0.6525225152168339
3.49 0.6526439236332191
3.5 0.6527229015976336
3.5100000000000002 0.6527596458743403
3.52 0.6527543619106314
3.5300000000000002 0.652707263710502
3.54 0.6526185737053537
3.5500000000000003 0.6524885226218118
3.56 0.652317349346747
3.5700000000000003 0.6521053007895898
3.58 0.6518526317420299
3.59 0.6515596047351945
3.6 0.6512264898944002
3.61 0.6508535647915732
3.62 0.650441114295436
3.63 0.6499894304195608
3.64 0.6494988121683843
3.65 0.6489695653812917
3.66 0.6484020025748639
3.67 0.6477964427833954
3.68 0.6471532113977846
3.69 0.646472640002898
3.7 0.6457550662135164
3.71 0.645000833508965
3.72 0.6442102910665325
3.73 0.6433837935937863
3.74 0.6425217011598875
3.75 0.6416243790260114
3.7600000000000002 0.640692197474981
3.77 0.6397255316402147
3.7800000000000002 0.6387247613340992
3.79 0.6376902708758856
3.8000000000000003 0.6366224489192195
3.81 0.6355216882794046
3.8200000000000003 0.6343883857605048
3.83 0.6332229419823879
3.84 0.6320257612078115
3.85 0.6307972511696525
3.86 0.6295378228983806
3.87 0.6282478905498753
3.88 0.6269278712336819
3.89 0.6255781848418055
3.9 0.6241992538781379
3.91 0.6227915032886095
3.92 0.6213553602921623
3.93 0.6198912542126301
3.94 0.6183996163116207
3.95 0.6168808796224826
3.96 0.6153354787854466
3.97 0.6137638498840229
3.98 0.6121664302827382
3.99 0.6105436584662932
4.0 0.608895973880216
4.01 0.6072238167730923
4.0200000000000005 0.6055276280404432
4.03 0.6038078490703227
4.04 0.6020649215907075
4.05 0.6002992875187441
4.0600000000000005 0.5985113888119199
4.07 0.5967016673212207
4.08 0.5948705646463356
4.09 0.5930185219929691
4.1 0.5911459800323131
4.11 0.5892533787627358
4.12 0.5873411573737369
4.13 0.585409754112218
4.14 0.5834596061511139
4.15 0.5814911494604306
4.16 0.5795048186807271
4.17 0.5775010469990851
4.18 0.5754802660275988
4.19 0.573442905684419
4.2 0.571389394077385
4.21 0.569320157390271
4.22 0.5672356197716729
4.23 0.5651362032265622
4.24 0.5630223275105247
4.25 0.5608944100267056
4.26 0.5587528657254767
4.2700000000000005 0.5565981070068385
4.28 0.5544305436255733
4.29 0.552250582599152
4.3 0.5500586281184088
4.3100000000000005 0.5478550814609832
4.32 0.5456403409075365
4.33 0.5434148016607394
4.34 0.541178855767032
4.3500000000000005 0.5389328920411501
4.36 0.5366772959934153
4.37 0.5344124497597764
4.38 0.5321387320345972
4.39 0.5298565180061753
4.4 0.5275661792949808
4.41 0.5252680838945978
4.42 0.5229625961153525
4.43 0.5206500765306085
4.44 0.5183308819257098
4.45 0.5160053652495477
4.46 0.5136738755687287
4.47 0.5113367580243194
4.48 0.5089943537911398
4.49 0.5066470000395776
4.5 0.5042950298998959
4.51 0.5019387724290003
4.5200000000000005 0.4995785525796365
4.53 0.497214691171985
4.54 0.49484750486761714
4.55 0.49247730614578006
4.5600000000000005 0.4901044032819719
4.57 0.48772910032877215
4.58 0.48535169709888787
4.59 0.4829724891503793
4.6000000000000005 0.480591767774023
4.61 0.47820981998277445
4.62 0.4758269285032878
4.63 0.47344337176945334
4.64 0.4710594239179089
4.65 0.4686753547854845
4.66 0.4662914299085368
4.67 0.4639079105241315
4.68 0.4615250535730269
4.69 0.4591431117044206
4.7 0.45676233328240995
4.71 0.45438296239412573
4.72 0.4520052388594935
4.73 0.4496293982425795
4.74 0.4472556718644749
4.75 0.444884286817676
4.76 0.4425154659819156
4.7700000000000005 0.440149428041401
4.78 0.4377863875034157
4.79 0.43542655471823943
4.8 0.43307013590034404
4.8100000000000005 0.43071733315082195
4.82 0.42836834448100286
4.83 0.4260233638372177
4.84 0.4236825811266651
4.8500000000000005 0.4213461822443409
4.86 0.419014349100986
4.87 0.4166872596520143
4.88 0.414365087927377
4.89 0.41204800406232484
4.9 0.40973617432902765
4.91 0.4074297611690113
4.92 0.4051289232263744
4.93 0.4028338153817453
4.94 0.40054458878694166
4.95 0.39826139090029633
4.96 0.3959843655226123
4.97 0.39371365283371035
4.98 0.3914493894295346
4.99 0.3891917083597816
5.0 0.38694073916601807
5.01 0.3846966079202542
5.0200000000000005 0.38245943726393994
5.03 0.38022934644735223
5.04 0.37800645136934163
5.05 0.3757908646174074
5.0600000000000005 0.3735826955080717
5.07 0.37138205012752273
5.08 0.3691890313724993
5.09 0.3670037389913882
5.1000000000000005 0.36482626962550657
5.11 0.3626567168505441
5.12 0.36049517121813895
5.13 0.35834172029756084
5.14 0.3561964487174794
5.15 0.3540594382077912
5.16 0.3519307676414856
5.17 0.349810513076524
5.18 0.347698747797713
5.19 0.3455955423585494
5.2 0.3435009646230176
5.21 0.3414150798073189
5.22 0.3393379505215144
5.23 0.33726963681106287
5.24 0.33521019619823594
5.25 0.33315968372339383
5.26 0.33111815198610484
5.2700000000000005 0.3290856511860929
5.28 0.3270622291639991
5.29 0.3250479314419405
5.3 0.32304280126385476
5.3100000000000005 0.32104687963561473
5.32 0.3190602053649024
5.33 0.3170828151008289
5.34 0.3151147433732885
5.3500000000000005 0.31315602263203696
5.36 0.31120668328548196
5.37 0.3092667537391769
5.38 0.3073362604340071
5.39 0.3054152278840612
5.4 0.3035036787141781
5.41 0.3016016336971604
5.42 0.2997091117906494
5.43 0.29782613017365184
5.44 0.2959527042827133
5.45 0.29408884784773137
5.46 0.2922345729274033
5.47 0.2903898899443015
5.48 0.2885548077195737
5.49 0.28672933350726143
5.5 0.28491347302823394
5.51 0.2831072305037322
5.5200000000000005 0.28131060868852154
5.53 0.27952360890364775
5.54 0.2777462310687949
5.55 0.2759784737342424
5.5600000000000005 0.2742203341124184
5.57 0.27247180810904914
5.58 0.2707328903539007
5.59 0.26900357423111354
5.6000000000000005 0.26728385190912834
5.61 0.26557371437020166
5.62 0.26387315143951223
5.63 0.2621821518138569
5.64 0.2605007030899362
5.65 0.2588287917922303
5.66 0.2571664034004652
5.67 0.25551352237667063
5.68 0.2538701321918298
5.69 0.25223621535212243
5.7 0.2506117534247628
5.71 0.24899672706343293
5.72 0.2473911160333145
5.73 0.24579489923571982
5.74 0.24420805473232382
5.75 0.2426305597690008
5.76 0.24106239079926586
5.7700000000000005 0.2395035235073249
5.78 0.23795393283073615
5.79 0.23641359298268413
5.8 0.2348824774738704
5.8100000000000005 0.2333605591340233
5.82 0.23184781013302977
5.83 0.2303442020016924
5.84 0.22884970565211452
5.8500000000000005 0.22736429139771713
5.86 0.22588792897289087
5.87 0.2244205875522862
5.88 0.22296223576974522
5.89 0.22151284173687943
5.9 0.22007237306129576
5.91 0.2186407968644761
5.92 0.21721807979931265
5.93 0.2158041880673035
5.94 0.2143990874354126
5.95 0.21300274325259722
5.96 0.2116151204660069
5.97 0.2102361836368588
5.98 0.208865896955992
5.99 0.20750422425910542
6.0 0.20615112904168356
6.01 0.20480657447361356
6.0200000000000005 0.20347052341349778
6.03 0.2021429384226663
6.04 0.20082378177889273
6.05 0.1995130154898177
6.0600000000000005 0.1982106013060843
6.07 0.19691650073418923
6.08 0.19563067504905332
6.09 0.19435308530631648
6.1000000000000005 0.19308369235436035
6.11 0.19182245684606256
6.12 0.19056933925028732
6.13 0.1893242998631156
6.140000000000001 0.18808729881881903
6.15 0.18685829610058213
6.16 0.185637251550976
6.17 0.18442412488218762
6.18 0.18321887568600898
6.19 0.18202146344358944
6.2 0.18083184753495576
6.21 0.17964998724830272
6.22 0.1784758417890594
6.23 0.17730937028873356
6.24 0.17615053181353865
6.25 0.17499928537280718
6.26 0.17385558992719377
6.2700000000000005 0.1727194043966716
6.28 0.17159068766832608
6.29 0.17046939860394916
6.3 0.1693554960474379
6.3100000000000005 0.16824893883200037
6.32 0.1671496857871735
6.33 0.1660576957456548
6.34 0.1649729275499524
6.3500000000000005 0.16389534005885667
6.36 0.16282489215373608
6.37 0.16176154274466134
6.38 0.16070525077636075
6.390000000000001 0.1596559752340098
6.4 0.1586136751488585
6.41 0.1575783096036994
6.42 0.15654983773817932
6.43 0.15552821875395806
6.44 0.15451341191971685
6.45 0.1535053765760195
6.46 0.15250407214002962
6.47 0.15150945811008612
6.48 0.1505214940701404
6.49 0.1495401396940576
6.5 0.14856535474978516
6.51 0.14759709910339075
6.5200000000000005 0.1466353327229732
6.53 0.14568001568244782
6.54 0.1447311081652103
6.55 0.1437885704676799
6.5600000000000005 0.14285236300272602
6.57 0.14192244630297998
6.58 0.14099878102403443
6.59 0.14008132794753292
6.6000000000000005 0.13917004798415195
6.61 0.13826490217647797
6.62 0.13736585170178142
6.63 0.1364728578746901
6.640000000000001 0.13558588214976433
6.65 0.13470488612397577
6.66 0.13382983153909228
6.67 0.13296068028397068
6.68 0.13209739439675997
6.69 0.13123993606701637
6.7 0.13038826763773262
6.71 0.12954235160728372
6.72 0.12870215063129034
6.73 0.12786762752440248
6.74 0.1270387452620048
6.75 0.12621546698184594
6.76 0.12539775598559288
6.7700000000000005 0.12458557574031291
6.78 0.12377888987988457
6.79 0.12297766220633898
6.8 0.12218185669113378
6.8100000000000005 0.12139143747636122
6.82 0.12060636887589136
6.83 0.11982661537645309
6.84 0.1190521416386533
6.8500000000000005 0.11828291249793674
6.86 0.11751889296548747
6.87 0.11676004822907343
6.88 0.116006343653836
6.890000000000001 0.11525774478302511
6.9 0.11451421733868221
6.91 0.11377572722227189
6.92 0.11304224051526357
6.93 0.11231372347966455
6.94 0.11159014255850594
6.95 0.11087146437628234
6.96 0.1101576557393467
6.97 0.1094486836362616
6.98 0.10874451523810806
6.99 0.1080451178987528
7.0 0.10735045915507564
7.01 0.10666050672715753
7.0200000000000005 0.10597522851843053
7.03 0.1052945926157912
7.04 0.10461856728967751
7.05 0.10394712099411126
7.0600000000000005 0.10328022236670628
7.07 0.10261784022864398
7.08 0.1019599435846165
7.09 0.10130650162273912
7.1000000000000005 0.10065748371443228
7.11 0.10001285941427447
7.12 0.0993725984598265
7.13 0.09873667077142843
7.140000000000001 0.09810504645196962
7.15 0.09747769578663296
7.16 0.09685458924261384
7.17 0.09623569746881488
7.18 0.0956209912955172
7.19 0.09501044173402852
7.2 0.09440401997630944
7.21 0.09380169739457828
7.22 0.09320344554089503
7.23 0.0926092361467256
7.24 0.09201904112248635
7.25 0.09143283255707009
7.26 0.09085058271735412
7.2700000000000005 0.09027226404769059
7.28 0.08969784916938006
7.29 0.08912731088012894
7.3 0.08856062215349102
7.3100000000000005 0.08799775613829411
7.32 0.08743868615805186
7.33 0.08688338571036186
7.34 0.08633182846628987
7.3500000000000005 0.08578398826974125
7.36 0.08523983913681993
7.37 0.08469935525517523
7.38 0.08416251098333727
7.390000000000001 0.0836292808500412
7.4 0.08309963955354084
7.41 0.08257356196091217
7.42 0.08205102310734708
7.43 0.08153199819543776
7.44 0.08101646259445214
7.45 0.0805043918396009
7.46 0.07999576163129621
7.47 0.07949054783440289
7.48 0.07898872647748215
7.49 0.07849027375202805
7.5 0.07799516601169781
7.51 0.07750337977153528
7.5200000000000005 0.0770148917071887
7.53 0.07652967865412273
7.54 0.07604771760682515
7.55 0.07556898571800844
7.5600000000000005 0.07509346029780672
7.57 0.0746211188129682
7.58 0.07415193888604346
7.59 0.07368589829456974
7.6000000000000005 0.07322297497025193
7.61 0.07276314699813978
7.62 0.0723063926158023
7.63 0.07185269021249929
7.640000000000001 0.07140201832835016
7.65 0.07095435565350033
7.66 0.07050968102728572
7.67 0.070067973437395
7.68 0.06962921201903045
7.69 0.06919337605406706
7.7 0.06876044497021044
7.71 0.06833039834015366
7.72 0.06790321588073317
7.73 0.06747887745208393
7.74 0.06705736305679412
7.75 0.06663865283905934
7.76 0.06622272708383681
7.7700000000000005 0.06580956621599932
7.78 0.06539915079948953
7.79 0.06499146153647446
7.8 0.06458647926650034
7.8100000000000005 0.06418418496564822
7.82 0.06378455974569025
7.83 0.06338758485324672
7.84 0.06299324166894427
7.8500000000000005 0.06260151170657503
7.86 0.06221237661225735
7.87 0.061825818163597536
7.88 0.06144181826885326
7.890000000000001 0.06106035896609861
7.9 0.0606814224223908
7.91 0.0603049909329387
7.92 0.059931046920273325
7.930000000000001 0.059559572933420284
7.94 0.05919055164707449
7.95 0.05882396586077687
7.96 0.058459798498093615
7.97 0.05809803260579764
7.98 0.057738651353052596
7.99 0.05738163803059945
8.0 0.0570269760499456
8.01 0.056674648942556825
8.02 0.056324640359051846
8.03 0.055976934068399896
8.040000000000001 0.05563151395712113
8.05 0.05528836402848995
8.06 0.05494746840174146
8.07 0.05460881131128092
8.08 0.05427237710589641
8.09 0.05393815024797473
8.1 0.05360611531272044
8.11 0.05327625698737831
8.120000000000001 0.05294856007045906
8.13 0.05262300947096848
8.14 0.05229959020764006
8.15 0.05197828740817108
8.16 0.051659086308462096
8.17 0.05134197225186016
8.18 0.05102693068840552
8.19 0.050713947174081994
8.2 0.05040300737007097
8.21 0.05009409704200907
8.22 0.0497872020592496
8.23 0.04948230839412768
8.24 0.04917940212122917
8.25 0.048878469416663385
8.26 0.04857949655733957
8.27 0.048282469920247345
8.28 0.04798737598174082
8.290000000000001 0.04769420131682671
8.3 0.047402932598456335
8.31 0.047113556596821475
8.32 0.046826060178654115
8.33 0.04654043030653025
8.34 0.04625665403817748
8.35 0.04597471852578666
8.36 0.045694611015327485
8.370000000000001 0.04541631884586802
8.38 0.045139829448898286
8.39 0.04486513034765773
8.4 0.0445922091564668
8.41 0.044321053580062386
8.42 0.044051651412937376
8.43 0.04378399053868419
8.44 0.043518058929342254
8.45 0.043253844644749545
8.46 0.04299133583189811
8.47 0.04273052072429364
8.48 0.04247138764131895
8.49 0.04221392498760162
8.5 0.0419581212523854
8.51 0.0417039650089059
8.52 0.041451444913769994
8.53 0.041200549706339434
8.540000000000001 0.040951268208118265
8.55 0.04070358932214434
8.56 0.04045750203238476
8.57 0.04021299540313528
8.58 0.03997005857842362
8.59 0.03972868078141679
8.6 0.03948885131383235
8.61 0.03925055955535353
8.620000000000001 0.039013794963048326
8.63 0.03877854707079245
8.64 0.03854480548869627
8.65 0.03831255990253549
8.66 0.03808180007318581
8.67 0.03785251583606146
8.68 0.037624697100557485
8.69 0.037398333849495924
8.700000000000001 0.03717341613857584
8.71 0.03694993409582707
8.72 0.036727877921067846
8.73 0.036507237885366146
8.74 0.03628800433050488
8.75 0.036070167668450726
8.76 0.035853718380826766
8.77 0.03563864701838884
8.78 0.035424944200505584
8.790000000000001 0.03521260061464217
8.8 0.035001607015847695
8.81 0.03479195422624624
8.82 0.03458363313453159
8.83 0.03437663469546553
8.84 0.0341709499293798
8.85 0.03396656992168157
8.86 0.03376348582236255
8.870000000000001 0.033561688845511604
8.88 0.03336117026883096
8.89 0.03316192143315584
8.9 0.032963933741977716
8.91 0.03276719866097093
8.92 0.032571707717522824
8.93 0.03237745250026734
8.94 0.032184424658622014
8.950000000000001 0.031992615902328374
8.96 0.03180201800099574
8.97 0.031612622783648445
8.98 0.03142442213827626
8.99 0.03123740801138832
9.0 0.031051572407570262
9.01 0.03086690738904469
9.02 0.030683405075234912
9.03 0.030501057642331915
9.040000000000001 0.030319857322864605
9.05 0.03013979640527327
9.06 0.029960867233486194
9.07 0.029783062206499497
9.08 0.029606373777960097
9.09 0.029430794455751863
9.1 0.02925631680158483
9.11 0.02908293343058755
9.120000000000001 0.028910637010902525
9.13 0.02873942026328468
9.14 0.028569275960702915
9.15 0.02840019692794465
9.16 0.02823217604122337
9.17 0.028065206227789182
9.18 0.027899280465542332
9.19 0.027734391782649647
9.200000000000001 0.02757053325716391
9.21 0.027407698016646182
9.22 0.027245879237790937
9.23 0.02708507014605415
9.24 0.026925264015284167
9.25 0.02676645416735543
9.26 0.026608633971805018
9.27 0.026451796845471987
9.28 0.026295936252139468
9.290000000000001 0.026141045702179507
9.3 0.025987118752200673
9.31 0.02583414900469837
9.32 0.025682130107707844
9.33 0.025531055754459846
9.34 0.025380919683039006
9.35 0.02523171567604477
9.36 0.025083437560255096
9.370000000000001 0.02493607920629255
9.38 0.0247896345282932
9.39 0.02464409748357792
9.4 0.02449946207232635
9.41 0.024355722337253298
9.42 0.024212872363287712
9.43 0.02407090627725413
9.44 0.023929818247556602
9.450000000000001 0.02378960248386509
9.46 0.02365025323680427
9.47 0.0235117647976448
9.48 0.02337413149799695
9.49 0.023237347709506646
9.5 0.023101407843553894
9.51 0.022966306350953508
9.52 0.022832037721658243
9.53 0.022698596484464168
9.540000000000001 0.022565977206718404
9.55 0.022434174494029093
9.56 0.0223031829899777
9.57 0.02217299737583348
9.58 0.022043612370270225
9.59 0.02191502272908525
9.6 0.021787223244920512
9.61 0.021660208746985966
9.620000000000001 0.021533974100785048
9.63 0.02140851420784234
9.64 0.021283824005433362
9.65 0.02115989846631645
9.66 0.02103673259846676
9.67 0.020914321444812367
9.68 0.020792660082972394
9.69 0.020671743624997227
9.700000000000001 0.020551567217110756
9.71 0.020432126039454646
9.72 0.020313415305834595
9.73 0.020195430263468584
9.74 0.020078166192737112
9.75 0.019961618406935396
9.76 0.019845782252027495
9.77 0.019730653106402377
9.78 0.019616226380631898
9.790000000000001 0.019502497517230665
9.8 0.019389461990417824
9.81 0.01927711530588067
9.82 0.01916545300054014
9.83 0.01905447064231813
9.84 0.018944163829906654
9.85 0.018834528192538804
9.86 0.018725559389761493
9.870000000000001 0.018617253111210038
9.88 0.01850960507638445
9.89 0.01840261103442749
9.9 0.0182962667639045
9.91 0.01819056807258493
9.92 0.01808551079722559
9.93 0.017981090803355606
9.94 0.017877303985063053
9.950000000000001 0.017774146264783273
9.96 0.017671613593088838
9.97 0.017569701948481186
9.98 0.017468407337183856
9.99 0.017367725792937373
10.0 0.017267653376795734
10.01 0.01716818617692449
10.02 0.01706932030840039
10.03 0.016971051913012625
10.040000000000001 0.016873377159065617
10.05 0.016776292241183342
10.06 0.016679793380115212
10.07 0.016583876822543454
10.08 0.016488538840891995
10.09 0.016393775733136873
10.1 0.016299583822618098
10.11 0.016205959457853004
10.120000000000001 0.01611289901235104
10.13 0.016020398884430066
10.14 0.015928455497033995
10.15 0.015837065297551967
10.16 0.01574622475763883
10.17 0.015655930373037127
10.18 0.015566178663400381
10.19 0.015476966172117811
10.200000000000001 0.015388289466140419
10.21 0.015300145135808418
10.22 0.015212529794680026
10.23 0.015125440079361552
10.24 0.01503887264933888
10.25 0.01495282418681018
10.26 0.01486729139652001
10.27 0.014782271005594646
10.28 0.014697759763378723
10.290000000000001 0.014613754441273169
10.3 0.014530251832574344
10.31 0.014447248752314488
10.32 0.01436474203710338
10.33 0.014282728544971233
10.34 0.014201205155212827
10.35 0.014120168768232837
10.36 0.014039616305392355
10.370000000000001 0.013959544708856637
10.38 0.013879950941444006
10.39 0.013800831986475933
10.4 0.013722184847628294
10.41 0.013644006548783769
10.42 0.013566294133885378
10.43 0.013489044666791187
10.44 0.01341225523113009
10.450000000000001 0.01333592293015876
10.46 0.013260044886619672
10.47 0.013184618242600234
10.48 0.013109640159393025
10.49 0.013035107817357096
10.5 0.012961018415780333
10.51 0.012887369172742927
10.52 0.01281415732498185
10.53 0.012741380127756415
10.540000000000001 0.012669034854714857
10.55 0.01259711879776194
10.56 0.012525629266927598
10.57 0.012454563590236582
10.58 0.01238391911357911
10.59 0.012313693200582527
10.6 0.012243883232483932
10.61 0.012174486608003807
10.620000000000001 0.012105500743220615
10.63 0.012036923071446336
10.64 0.011968751043102998
10.65 0.011900982125600135
10.66 0.011833613803213202
10.67 0.011766643576962903
10.68 0.011700068964495467
10.69 0.011633887499963825
10.700000000000001 0.011568096733909704
10.71 0.011502694233146638
10.72 0.011437677580643861
10.73 0.011373044375411085
10.74 0.01130879223238418
10.75 0.011244918782311717
10.76 0.011181421671642362
10.77 0.011118298562413172
10.78 0.01105554713213871
10.790000000000001 0.010993165073701025
10.8 0.010931150095240446
10.81 0.01086949992004726
10.82 0.010808212286454164
10.83 0.01074728494772956
10.84 0.010686715671971674
10.85 0.010626502242003457
10.86 0.010566642455268315
10.870000000000001 0.010507134123726595
10.88 0.010447975073752894
10.89 0.010389163146034133
10.9 0.010330696195468407
10.91 0.010272572091064606
10.92 0.010214788715842785
10.93 0.01015734396673532
10.94 0.01010023575448878
10.950000000000001 0.01004346200356656
10.96 0.00998702065205226
10.97 0.009930909651553774
10.98 0.009875126967108119
10.99 0.009819670577086988
11.0 0.009764538473103003
11.01 0.00970972865991669
11.02 0.009655239155344152
11.03 0.009601067990165427
11.040000000000001 0.009547213208033572
11.05 0.009493672865384386
11.06 0.009440445031346854
11.07 0.009387527787654247
11.08 0.00933491922855589
11.09 0.0092826174607296
11.1 0.009230620603194784
11.11 0.009178926787226186
11.120000000000001 0.009127534156268288
11.13 0.009076440865850343
11.14 0.009025645083502062
11.15 0.00897514498866992
11.16 0.008924938772634101
11.17 0.008875024638426056
11.18 0.008825400800746678
11.19 0.008776065485885104
11.200000000000001 0.008727016931638111
11.21 0.008678253387230115
11.22 0.008629773113233773
11.23 0.0085815743814912
11.24 0.00853365547503572
11.25 0.008486014688014253
11.26 0.00843865032561026
11.27 0.008391560703967252
11.28 0.00834474415011291
11.290000000000001 0.008298199001883711
11.3 0.00825192360785017
11.31 0.008205916327242596
11.32 0.008160175529877427
11.33 0.008114699596084112
11.34 0.00806948691663252
11.35 0.008024535892660905
11.36 0.007979844935604385
11.370000000000001 0.00793541246712398
11.38 0.00789123691903615
11.39 0.007847316733242867
11.4 0.0078036503616622085
11.41 0.007760236266159452
11.42 0.007717072918478701
11.43 0.007674158800174983
11.44 0.007631492402546892
11.450000000000001 0.007589072226569687
11.46 0.0075468967828289145
11.47 0.0075049645914544985
11.48 0.007463274182055341
11.49 0.007421824093654381
11.5 0.007380612874624149
11.51 0.007339639082622785
11.52 0.007298901284530531
11.53 0.0072583980563866906
11.540000000000001 0.007218127983327057
11.55 0.00717808965952179
11.56 0.007138281688113757
11.57 0.00709870268115733
11.58 0.007059351259557614
11.59 0.007020226053010147
11.6 0.006981325699941018
11.61 0.006942648847447442
11.620000000000001 0.006904194151238746
11.63 0.006865960275577824
11.64 0.0068279458932229775
11.65 0.00679014968537021
11.66 0.00675257034159594
11.67 0.0067152065598001165
11.68 0.006678057046149762
11.69 0.00664112051502293
11.700000000000001 0.0066043956889530585
11.71 0.006567881298573737
11.72 0.00653157608256388
11.73 0.006495478787593289
11.74 0.006459588168268613
11.75 0.006423902987079707
11.76 0.006388422014346372
11.77 0.006353144028165491
11.78 0.006318067814358545
11.790000000000001 0.006283192166419502
11.8 0.006248515885463098
11.81 0.006214037780173478
11.82 0.006179756666753216
11.83 0.006145671368872704
11.84 0.00611178071761991
11.85 0.006078083551450492
11.86 0.00604457871613827
11.870000000000001 0.006011265064726076
11.88 0.005978141457476927
11.89 0.005945206761825579
11.9 0.005912459852330413
11.91 0.005879899610625672
11.92 0.005847524925374044
11.93 0.005815334692219586
11.94 0.00578332781374098
11.950000000000001 0.005751503199405144
11.96 0.0057198597655211385
11.97 0.005688396435194455
11.98 0.005657112138281585
11.99 0.005626005811344947
12.0 0.0055950763976081175
12.01 0.005564322846911392
12.02 0.005533744115667669
12.030000000000001 0.0055033391668186365
12.040000000000001 0.005473106969791277
12.05 0.005443046500454689
12.06 0.005413156741077211
12.07 0.005383436680283852
12.08 0.005353885313014032
12.09 0.005324501640479614
12.1 0.005295284670123245
12.11 0.005266233415576982
12.120000000000001 0.005237346896621229
12.13 0.005208624139143951
12.14 0.0051800641751001885
12.15 0.00515166604247185
12.16 0.005123428785227805
12.17 0.005095351453284238
12.18 0.00506743310246531
12.19 0.0050396727944640755
12.200000000000001 0.0050120695968036985
12.21 0.004984622582798925
12.22 0.004957330831517833
12.23 0.004930193427743865
12.24 0.004903209461938113
12.25 0.004876378030201876
12.26 0.00484969823423949
12.27 0.004823169181321411
12.280000000000001 0.004796789984247558
12.290000000000001 0.004770559761310922
12.3 0.004744477636261427
12.31 0.004718542738270048
12.32 0.004692754201893178
12.33 0.0046671111670372484
12.34 0.004641612778923598
12.35 0.004616258188053591
12.36 0.004591046550173977
12.370000000000001 0.004565977026242498
12.38 0.004541048782393732
12.39 0.004516260989905178
12.4 0.0044916128251635875
12.41 0.004467103469631518
12.42 0.004442732109814125
12.43 0.004418497937226198
12.44 0.00439440014835941
12.450000000000001 0.00437043794464981
12.46 0.004346610532445531
12.47 0.004322917122974738
12.48 0.004299356932313785
12.49 0.0042759291813556045
12.5 0.00425263309577831
12.51 0.004229467906014027
12.52 0.004206432847217934
12.530000000000001 0.004183527159237522
12.540000000000001 0.004160750086582061
12.55 0.004138100878392296
12.56 0.004115578788410329
12.57 0.004093183074949736
12.58 0.004070913000865876
12.59 0.004048767833526404
12.6 0.004026746844782003
12.61 0.004004849310937311
12.620000000000001 0.00398307451272204
12.63 0.003961421735262316
12.64 0.0039398902680522
12.65 0.003918479404925408
12.66 0.0038971884440272384
12.67 0.003876016687786684
12.68 0.003854963442888736
12.69 0.0038340280202468833
12.700000000000001 0.0038132097349758004
12.71 0.003792507906364227
12.72 0.003771921857848024
12.73 0.00375145091698343
12.74 0.003731094415420494
12.75 0.003710851688876686
12.76 0.0036907220771107007
12.77 0.003670704923896434
12.780000000000001 0.0036507995769971403
12.790000000000001 0.003631005388139768
12.8 0.00361132171298947
12.81 0.0035917479111242895
12.82 0.0035722833460100235
12.83 0.0035529273849752487
12.84 0.0035336793991865303
12.85 0.003514538763623793
12.86 0.003495504857055864
12.870000000000001 0.0034765770620161823
12.88 0.0034577547647786744
12.89 0.003439037355333792
12.9 0.0034204242273647243
12.91 0.0034019147782237548
12.92 0.0033835084089087982
12.93 0.003365204524040083
12.94 0.003347002531837001
12.950000000000001 0.003328901844095111
12.96 0.0033109018761633057
12.97 0.003293002046921122
12.98 0.003275201778756219
12.99 0.003257500497542
13.0 0.003239897632615391
13.01 0.003222392616754767
13.02 0.0032049848861580334
13.030000000000001 0.0031876738804208493
13.040000000000001 0.003170459042515005
13.05 0.0031533398187669442
13.06 0.003136315658836429
13.07 0.0031193860156953543
13.08 0.0031025503456066977
13.09 0.0030858081081036235
13.1 0.003069158765968718
13.11 0.00305260178521337
13.120000000000001 0.0030361366350572902
13.13 0.003019762787908169
13.14 0.003003479719341468
13.15 0.0029872869080803566
13.16 0.0029711838359757704
13.17 0.00295516998798662
13.18 0.002939244852160121
13.19 0.002923407919612261
13.200000000000001 0.0029076586845084005
13.21 0.002891996644043998
13.22 0.00287642129842547
13.23 0.0028609321508511814
13.24 0.0028455287074925536
13.25 0.0028302104774753133
13.26 0.002814976972860854
13.27 0.002799827708627733
13.280000000000001 0.0027847622026532875
13.290000000000001 0.002769779975695374
13.3 0.00275488055137423
13.31 0.0027400634561544597
13.32 0.0027253282193271363
13.33 0.0027106743729920293
13.34 0.0026961014520399443
13.35 0.002681608994135187
13.36 0.0026671965396981405
13.370000000000001 0.002652863631887957
13.38 0.002638609816585373
13.39 0.002624434642375631
13.4 0.00261033766053152
13.41 0.002596318424996525
13.42 0.002582376492368093
13.43 0.002568511421881006
13.44 0.002554722775390872
13.450000000000001 0.0025410101173577167
13.46 0.0025273730148296886
13.47 0.002513811037426874
13.48 0.0025003237573252186
13.49 0.002486910749240552
13.5 0.0024735715904127273
13.51 0.00246030586058985
13.52 0.0024471131420126333
13.530000000000001 0.002433993019398837
13.540000000000001 0.0024209450799278207
13.55 0.002407968913225197
13.56 0.0023950641113475828
13.57 0.002382230268767456
13.58 0.0023694669823581117
13.59 0.002356773851378716
13.6 0.0023441504774594593
13.61 0.0023315964645868057
13.620000000000001 0.002319111419088844
13.63 0.002306694949620734
13.64 0.0022943466671502444
13.65 0.0022820661849433936
13.66 0.0022698531185501762
13.67 0.0022577070857903924
13.68 0.002245627706739563
13.69 0.002233614603714943
13.700000000000001 0.002221667401261626
13.71 0.0022097857261387335
13.72 0.002197969207305706
13.73 0.002186217475908672
13.74 0.00217453016526692
13.75 0.0021629069108594456
13.76 0.0021513473503115975
13.77 0.0021398511233818025
13.780000000000001 0.0021284178719483877
13.790000000000001 0.0021170472399964775
13.8 0.0021057388736049846
13.81 0.002094492420933682
13.82 0.0020833075322103625
13.83 0.0020721838597180797
13.84 0.002061121057782475
13.85 0.0020501187827591813
13.86 0.002039176693021319
13.870000000000001 0.0020282944489470617
13.88 0.0020174717129072973
13.89 0.0020067081492533526
13.9 0.001996003424304815
13.91 0.0019853572063374186
13.92 0.00197476916557102
13.93 0.001964238974157646
13.94 0.0019537663061696244
13.950000000000001 0.0019433508375877838
13.96 0.001932992246289742
13.97 0.0019226902120382556
13.98 0.0019124444164696618
13.99 0.0019022545430823802
14.0 0.0018921202772255005
14.01 0.001882041306087436
14.02 0.001872017318684656
14.030000000000001 0.0018620480058504898
14.040000000000001 0.0018521330602240009
14.05 0.0018422721762389378
14.06 0.0018324650501127513
14.07 0.0018227113798356869
14.08 0.0018130108651599468
14.09 0.0018033632075889184
14.1 0.0017937681103664766
14.11 0.001784225278466355
14.120000000000001 0.0017747344185815824
14.13 0.0017652952391139926
14.14 0.0017559074501637944
14.15 0.0017465707635192181
14.16 0.001737284892646221
14.17 0.0017280495526782623
14.18 0.0017188644604061454
14.19 0.0017097293342679218
14.200000000000001 0.0017006438943388638
14.21 0.0016916078623214978
14.22 0.0016826209615357062
14.23 0.0016736829169088888
14.24 0.0016647934549661899
14.25 0.0016559523038207854
14.26 0.0016471591931642372
14.27 0.0016384138542569044
14.280000000000001 0.0016297160199184183
14.290000000000001 0.0016210654245182182
14.3 0.0016124618039661473
14.31 0.0016039048957031106
14.32 0.0015953944386917908
14.33 0.0015869301734074228
14.34 0.0015785118418286303
14.35 0.0015701391874283171
14.36 0.0015618119551646227
14.370000000000001 0.0015535298914719255
14.38 0.0015452927442519157
14.39 0.0015371002628647155
14.4 0.0015289521981200615
14.41 0.0015208483022685394
14.42 0.0015127883289928784
14.43 0.0015047720333992987
14.44 0.001496799172008914
14.450000000000001 0.0014888695027491907
14.46 0.001480982784945459
14.47 0.00147313877931248
14.48 0.0014653372479460647
14.49 0.0014575779543147488
14.5 0.0014498606632515178
14.51 0.001442185140945585
14.52 0.001434551154934224
14.530000000000001 0.001426958474094649
14.540000000000001 0.0014194068686359525
14.55 0.0014118961100910872
14.56 0.0014044259713089054
14.57 0.0013969962264462428
14.58 0.0013896066509600567
14.59 0.001382257021599612
14.6 0.001374947116398718
14.61 0.0013676767146680124
14.620000000000001 0.0013604455969872967
14.63 0.0013532535451979174
14.64 0.0013461003423951973
14.65 0.0013389857729209133
14.66 0.001331909622355823
14.67 0.0013248716775122358
14.68 0.0013178717264266356
14.69 0.0013109095583523453
14.700000000000001 0.001303984963752241
14.71 0.0012970977342915072
14.72 0.0012902476628304448
14.73 0.0012834345434173194
14.74 0.0012766581712812545
14.75 0.0012699183428251735
14.76 0.0012632148556187797
14.77 0.001256547508391588
14.780000000000001 0.0012499161010259931
14.790000000000001 0.0012433204345503868
14.8 0.0012367603111323163
14.81 0.0012302355340716835
14.82 0.0012237459077939913
14.83 0.0012172912378436284
14.84 0.001210871330877199
14.85 0.0012044859946568913
14.86 0.001198135038043892
14.870000000000001 0.0011918182709918365
14.88 0.0011855355045403055
14.89 0.001179286550808357
14.9 0.0011730712229881047
14.91 0.0011668893353383313
14.92 0.0011607407031781446
14.93 0.0011546251428806718
14.94 0.0011485424718667946
14.950000000000001 0.001142492508598923
14.96 0.0011364750725748058
14.97 0.0011304899843213852
14.98 0.0011245370653886818
14.99 0.001118616138343725
15.0 0.0011127270267645177
15.01 0.0011068695552340383
15.02 0.0011010435493342826
15.030000000000001 0.0010952488356403389
15.040000000000001 0.0010894852417145044
15.05 0.0010837525961004354
15.06 0.001078050728317333
15.07 0.0010723794688541689
15.08 0.0010667386491639429
15.09 0.0010611281016579784
15.1 0.0010555476597002532
15.11 0.0010499971576017639
15.120000000000001 0.001044476430614928
15.13 0.0010389853149280171
15.14 0.0010335236476596288
15.15 0.00102809126685319
15.16 0.0010226880114714942
15.17 0.0010173137213912743
15.18 0.001011968237397808
15.19 0.0010066514011795563
15.200000000000001 0.001001363055322836
15.21 0.0009961030433065256
15.22 0.0009908712094968007
15.23 0.0009856673991419076
15.24 0.0009804914583669637
15.25 0.0009753432341687925
15.26 0.0009702225744107911
15.27 0.0009651293278178279
15.280000000000001 0.0009600633439711727
15.290000000000001 0.000955024473303457
15.3 0.0009500125670936678
15.31 0.0009450274774621694
15.32 0.0009400690573657568
15.33 0.0009351371605927409
15.34 0.0009302316417580625
15.35 0.0009253523562984368
15.36 0.0009204991604675273
15.370000000000001 0.0009156719113311513
15.38 0.0009108704667625118
15.39 0.0009060946854374614
15.4 0.0009013444268297933
15.41 0.0008966195512065642
15.42 0.0008919199196234409
15.43 0.0008872453939200812
15.44 0.0008825958367155387
15.450000000000001 0.0008779711114036986
15.46 0.0008733710821487395
15.47 0.000868795613880624
15.48 0.0008642445722906178
15.49 0.0008597178238268339
15.5 0.0008552152356898062
15.51 0.0008507366758280899
15.52 0.0008462820129338879
15.530000000000001 0.0008418511164387037
15.540000000000001 0.0008374438565090231
15.55 0.00083306010404202
15.56 0.0008286997306612892
15.57 0.0008243626087126053
15.58 0.0008200486112597077
15.59 0.0008157576120801111
15.6 0.0008114894856609419
15.610000000000001 0.0008072441071947994
15.620000000000001 0.000803021352575643
15.63 0.0007988210983947029
15.64 0.0007946432219364184
15.65 0.0007904876011743987
15.66 0.0007863541147674086
15.67 0.0007822426420553799
15.68 0.0007781530630554458
15.69 0.0007740852584579995
15.700000000000001 0.0007700391096227778
15.71 0.0007660144985749675
15.72 0.0007620113080013356
15.73 0.0007580294212463844
15.74 0.0007540687223085267
15.75 0.0007501290958362882
15.76 0.0007462104271245305
15.77 0.0007423126021106971
15.780000000000001 0.0007384355073710834
15.790000000000001 0.000734579030117128
15.8 0.000730743058191727
15.81 0.0007269274800655716
15.82 0.0007231321848335064
15.83 0.00071935706221091
15.84 0.0007156020025300986
15.85 0.0007118668967367499
15.860000000000001 0.00070815163638635
15.870000000000001 0.0007044561136406606
15.88 0.0007007802212642088
15.89 0.0006971238526207969
15.9 0.0006934869016700343
15.91 0.0006898692629638898
15.92 0.0006862708316432639
15.93 0.0006826915034345845
15.94 0.0006791311746464195
15.950000000000001 0.0006755897421661133
15.96 0.0006720671034564406
15.97 0.0006685631565522833
15.98 0.000665077800057324
15.99 0.000661610933140763
16.0 0.0006581624555340522
16.01 0.0006547322675276514
16.02 0.0006513202699678004
16.03 0.000647926364253315
16.04 0.0006445504523323983
16.05 0.0006411924366994738
16.06 0.0006378522203920362
16.07 0.0006345297069875217
16.080000000000002 0.0006312248006001974
16.09 0.0006279374058780674
16.1 0.0006246674279998017
16.11 0.0006214147726716781
16.12 0.0006181793461245468
16.13 0.0006149610551108116
16.14 0.0006117598069014284
16.15 0.0006085755092829236
16.16 0.0006054080705544284
16.17 0.0006022573995247321
16.18 0.0005991234055093528
16.19 0.000596005998327626
16.2 0.0005929050882998093
16.21 0.000589820586244206
16.22 0.0005867524034743048
16.23 0.0005837004517959379
16.240000000000002 0.0005806646435044545
16.25 0.0005776448913819116
16.26 0.0005746411086942835
16.27 0.0005716532091886846
16.28 0.0005686811070906118
16.29 0.0005657247171012016
16.3 0.0005627839543945045
16.31 0.0005598587346147751
16.32 0.0005569489738737783
16.330000000000002 0.0005540545887481125
16.34 0.0005511754962765478
16.35 0.0005483116139573803
16.36 0.0005454628597458017
16.37 0.0005426291520512864
16.38 0.0005398104097349916
16.39 0.0005370065521071749
16.4 0.0005342174989246258
16.41 0.000531443170388114
16.42 0.0005286834871398516
16.43 0.0005259383702609711
16.44 0.0005232077412690176
16.45 0.0005204915221154571
16.46 0.0005177896351831987
16.47 0.0005151020032841321
16.48 0.0005124285496566783
16.490000000000002 0.0005097691979633575
16.5 0.0005071238722883685
16.51 0.0005044924971351848
16.52 0.0005018749974241635
16.53 0.0004992712984901685
16.54 0.0004966813260802092
16.55 0.0004941050063510912
16.56 0.0004915422658670826
16.57 0.0004889930315975923
16.580000000000002 0.00048645723091486485
16.59 0.0004839347915916852
16.6 0.00048142564179910025
16.61 0.0004789297101041528
16.62 0.00047644692546762837
16.63 0.00047397721724181557
16.64 0.0004715205151682805
16.65 0.00046907674937565346
16.66 0.00046664585037742865
16.67 0.0004642277490697775
16.68 0.0004618223767293747
16.69 0.0004594296650112364
16.7 0.0004570495459465722
16.71 0.00045468195194064943
16.72 0.0004523268157706699
16.73 0.00044998407058365855
16.740000000000002 0.0004476536498943662
16.75 0.00044533548758318264
16.76 0.000443029517894064
16.77 0.0004407356754324705
16.78 0.000438453895163318
16.79 0.00043618411240894
16.8 0.0004339262628470629
16.81 0.0004316802825087928
16.82 0.00042944610777661396
16.830000000000002 0.0004272236753823988
16.84 0.00042501292240543014
16.85 0.000422813786270435
16.86 0.00042062620474562964
16.87 0.0004184501159407763
16.88 0.00041628545830525086
16.89 0.0004141321706261229
16.9 0.000411990192026246
16.91 0.00040985946196235985
16.92 0.00040773992022320325
16.93 0.00040563150692763766
16.94 0.00040353416252278325
16.95 0.00040144782778216414
16.96 0.00039937244380386583
16.97 0.0003973079520087024
16.98 0.00039525429413839495
16.990000000000002 0.00039321141225376116
17.0 0.0003911792487329146
17.01 0.000389157746269475
17.02 0.00038714684787078877
17.03 0.0003851464968561605
17.04 0.0003831566368550939
17.05 0.0003811772118055439
17.06 0.0003792081659521782
17.07 0.00037724944384464953
17.080000000000002 0.00037530099033587804
17.09 0.00037336275058034323
17.1 0.000371434670032386
17.11 0.000369516694444521
17.12 0.00036760876986575845
17.13 0.0003657108426399358
17.14 0.00036382285940405934
17.150000000000002 0.00036194476708665527
17.16 0.00036007651290613
17.17 0.0003582180443691413
17.18 0.00035636930926897706
17.19 0.00035453025568394524
17.2 0.0003527008319757722
17.21 0.00035088098678801044
17.22 0.00034907066904445584
17.23 0.00034726982794757425
17.240000000000002 0.00034547841297693707
17.25 0.0003436963738876653
17.26 0.00034192366070888387
17.27 0.00034016022374218406
17.28 0.0003384060135600951
17.29 0.00033666098100456444
17.3 0.00033492507718544724
17.31 0.00033319825347900443
17.32 0.00033148046152640964
17.330000000000002 0.0003297716532322642
17.34 0.00032807178076312173
17.35 0.0003263807965460205
17.36 0.00032469865326702446
17.37 0.00032302530386977294
17.38 0.0003213607015540389
17.39 0.0003197047997742949
17.400000000000002 0.00031805755223828793
17.41 0.00031641891290562236
17.42 0.0003147888359863511
17.43 0.00031316727593957473
17.44 0.00031155418747204875
17.45 0.0003099495255367995
17.46 0.00030835324533174725
17.47 0.0003067653022983378
17.48 0.00030518565212018145
17.490000000000002 0.0003036142507217005
17.5 0.0003020510542667845
17.51 0.00030049601915745235
17.52 0.00029894910203252334
17.53 0.0002974102597662953
17.54 0.00029587944946723007
17.55 0.00029435662847664715
17.56 0.0002928417543674247
17.57 0.0002913347849427078
17.580000000000002 0.0002898356782346244
17.59 0.0002883443925030086
17.6 0.0002868608862341314
17.61 0.0002853851181394384
17.62 0.0002839170471542953
17.63 0.0002824566324367402
17.64 0.00028100383336624346
17.650000000000002 0.0002795586095424742
17.66 0.0002781209207840744
17.67 0.0002766907271274396
17.68 0.0002752679888255074
17.69 0.0002738526663465519
17.7 0.0002724447203729855
17.71 0.00027104411180016804
17.72 0.0002696508017352221
17.73 0.0002682647514958558
17.740000000000002 0.00026688592260919154
17.75 0.00026551427681060195
17.76 0.00026414977604255263
17.77 0.0002627923824534515
17.78 0.00026144205839650423
17.79 0.0002600987664285772
17.8 0.0002587624693090659
17.81 0.00025743312999877065
17.82 0.00025611071165877855
17.830000000000002 0.00025479517764935133
17.84 0.0002534864915288205
17.85 0.0002521846170524881
17.86 0.0002508895181715342
17.87 0.00024960115903192983
17.88 0.00024831950397335756
17.89 0.00024704451752813696
17.900000000000002 0.00024577616442015703
17.91 0.00024451440956381384
17.92 0.00024325921806295548
17.93 0.000242010555209832
17.94 0.00024076838648405188
17.95 0.00023953267755154442
17.96 0.00023830339426352773
17.97 0.00023708050265548315
17.98 0.00023586396894613492
17.990000000000002 0.00023465375953643625
18.0 0.00023344984100856096
18.01 0.00023225218012490063
18.02 0.00023106074382706787
18.03 0.00022987549923490506
18.04 0.00022869641364549882
18.05 0.00022752345453219997
18.06 0.0002263565895436494
18.07 0.00022519578650280904
18.080000000000002 0.0002240410134059989
18.09 0.00022289223842193886
18.1 0.00022174942989079685
18.11 0.00022061255632324156
18.12 0.00021948158639950114
18.13 0.0002183564889684271
18.14 0.00021723723304656328
18.150000000000002 0.00021612378781722073
18.16 0.00021501612262955728
18.17 0.0002139142069976623
18.18 0.00021281801059964744
18.19 0.0002117275032767414
18.2 0.0002106426550323909
18.21 0.00020956343603136622
18.22 0.00020848981659887176
18.23 0.00020742176721966218
18.240000000000002 0.0002063592585371628
18.25 0.00020530226135259563
18.26 0.00020425074662410993
18.27 0.00020320468546591823
18.28 0.00020216404914743667
18.29 0.00020112880909243058
18.3 0.00020009893687816476
18.31 0.0001990744042345587
18.32 0.0001980551830433465
18.330000000000002 0.00019704124533724142
18.34 0.0001960325632991057
18.35 0.0001950291092611241
18.36 0.0001940308557039834
18.37 0.00019303777525605555
18.38 0.00019204984069258577
18.39 0.00019106702493488524
18.400000000000002 0.00019008930104952862
18.41 0.00018911664224755554
18.42 0.00018814902188367714
18.43 0.00018718641345548672
18.44 0.0001862287906026753
18.45 0.00018527612710625112
18.46 0.00018432839688776401
18.47 0.00018338557400853365
18.48 0.00018244763266888267
18.490000000000002 0.00018151454720737384
18.5 0.00018058629210005158
18.51 0.0001796628419596877
18.52 0.00017874417153503167
18.53 0.00017783025571006494
18.54 0.00017692106950325918
18.55 0.0001760165880668394
18.56 0.00017511678668605043
18.57 0.0001742216407784282
18.580000000000002 0.00017333112589307487
18.59 0.0001724452177099378
18.6 0.00017156389203909313
18.61 0.00017068712482003282
18.62 0.00016981489212095625
18.63 0.00016894717013806541
18.64 0.0001680839351948642
18.650000000000002 0.00016722516374146162
18.66 0.00016637083235387904
18.67 0.0001655209177333613
18.68 0.0001646753967056916
18.69 0.00016383424622051036
18.7 0.00016299744335063765
18.71 0.00016216496529139991
18.72 0.0001613367893599601
18.73 0.00016051289299465158
18.740000000000002 0.00015969325375431617
18.75 0.00015887784931764535
18.76 0.00015806665748252554
18.77 0.00015725965616538695
18.78 0.00015645682340055604
18.79 0.00015565813733961178
18.8 0.0001548635762507453
18.81 0.00015407311851812336
18.82 0.00015328674264125525
18.830000000000002 0.00015250442723436318
18.84 0.00015172615102575655
18.85 0.00015095189285720925
18.86 0.0001501816316833408
18.87 0.00014941534657100084
18.88 0.00014865301669865705
18.89 0.00014789462135578662
18.900000000000002 0.00014714013994227096
18.91 0.0001463895519677939
18.92 0.00014564283705124318
18.93 0.00014489997492011562
18.94 0.000144160945409925
18.95 0.000143425728463614
18.96 0.0001426943041309688
18.97 0.00014196665256803717
18.98 0.0001412427540365501
18.990000000000002 0.00014052258890334628
19.0 0.00013980613763979984
19.01 0.0001390933808212516
19.02 0.00013838429912644328
19.03 0.00013767887333695456
19.04 0.00013697708433664405
19.05 0.00013627891311109274
19.06 0.00013558434074705078
19.07 0.0001348933484318873
19.080000000000002 0.00013420591745304356
19.09 0.00013352202919748868
19.1 0.00013284166515117884
19.11 0.00013216480689851916
19.12 0.00013149143612182896
19.13 0.00013082153460080965
19.14 0.00013015508421201577
19.150000000000002 0.00012949206692832894
19.16 0.0001288324648184348
19.17 0.00012817626004630288
19.18 0.0001275234348706691
19.19 0.00012687397164452136
19.2 0.0001262278528145883
19.21 0.0001255850609208304
19.22 0.00012494557859593413
19.23 0.00012430938856480896
19.240000000000002 0.00012367647364408703
19.25 0.00012304681674162588
19.26 0.00012242040085601357
19.27 0.00012179720907607689
19.28 0.00012117722458039203
19.29 0.00012056043063679831
19.3 0.00011994681060191435
19.31 0.00011933634792065687
19.32 0.00011872902612576245
19.330000000000002 0.00011812482883731181
19.34 0.0001175237397622566
19.35 0.000116925742693949
19.36 0.00011633082151167388
19.37 0.0001157389601801836
19.38 0.00011515014274923517
19.39 0.00011456435335313044
19.400000000000002 0.00011398157621025828
19.41 0.00011340179562263987
19.42 0.0001128249959754759
19.43 0.00011225116173669699
19.44 0.00011168027745651587
19.45 0.00011111232776698272
19.46 0.0001105472973815424
19.47 0.00010998517109459456
19.48 0.00010942593378105597
19.490000000000002 0.00010886957039592532
19.5 0.00010831606597385049
19.51 0.0001077654056286981
19.52 0.00010721757455312566
19.53 0.0001066725580181558
19.54 0.00010613034137275308
19.55 0.00010559091004340305
19.56 0.00010505424953369366
19.57 0.00010452034542389903
19.580000000000002 0.00010398918337056542
19.59 0.00010346074910609969
19.6 0.00010293502843835972
19.61 0.00010241200725024743
19.62 0.00010189167149930384
19.63 0.00010137400721730646
19.64 0.00010085900050986882
19.650000000000002 0.00010034663755604237
19.66 9.983690460792036e-5
19.67 9.932978799024418e-5
19.68 9.882527410001157e-5
19.69 9.832334940608729e-5
19.7 9.782400044881577e-5
19.71 9.732721383963584e-5
19.72 9.683297626069786e-5
19.73 9.634127446448259e-5
19.740000000000002 9.58520952734225e-5
19.75 9.536542557952498e-5
19.76 9.488125234399775e-5
19.77 9.439956259687612e-5
19.78 9.392034343665259e-5
19.79 9.344358202990831e-5
19.8 9.296926561094658e-5
19.81 9.249738148142844e-5
19.82 9.202791701001029e-5
19.830000000000002 9.156085963198338e-5
19.84 9.109619684891546e-5
19.85 9.063391622829419e-5
19.86 9.017400540317272e-5
19.87 8.971645207181708e-5
19.88 8.926124399735563e-5
19.89 8.880836900743035e-5
19.900000000000002 8.835781499385006e-5
19.91 8.790956991224558e-5
19.92 8.746362178172673e-5
19.93 8.701995868454141e-5
19.94 8.657856876573619e-5
19.95 8.613944023281923e-5
19.96 8.570256135542466e-5
19.97 8.526792046497893e-5
19.98 8.483550595436918e-5
19.990000000000002 8.440530627761304e-5
20.0 8.397730994953072e-5
20.01 8.355150554541853e-5
20.02 8.312788170072435e-5
20.03 8.270642711072484e-5
20.04 8.228713053020446e-5
20.05 8.186998077313627e-5
20.06 8.145496671236438e-5
20.07 8.104207727928829e-5
20.080000000000002 8.063130146354878e-5
20.09 8.022262831271574e-5
20.1 7.981604693197757e-5
20.11 7.941154648383228e-5
20.12 7.900911618778036e-5
20.13 7.860874532001926e-5
20.14 7.821042321313962e-5
20.150000000000002 7.781413925582308e-5
20.16 7.741988289254186e-5
20.17 7.702764362325989e-5
20.18 7.66374110031356e-5
20.19 7.624917464222636e-5
20.2 7.586292420519451e-5
20.21 7.547864941101507e-5
20.22 7.50963400326849e-5
20.23 7.471598589693362e-5
20.240000000000002 7.433757688393606e-5
20.25 7.39611029270263e-5
20.26 7.358655401241316e-5
20.27 7.321392017889733e-5
20.28 7.284319151759012e-5
20.29 7.247435817163367e-5
20.3 7.210741033592264e-5
20.31 7.174233825682754e-5
20.32 7.137913223191953e-5
20.330000000000002 7.101778260969663e-5
20.34 7.065827978931158e-5
20.35 7.030061422030114e-5
20.36 6.994477640231671e-5
20.37 6.95907568848567e-5
20.38 6.923854626700014e-5
20.39 6.888813519714187e-5
20.400000000000002 6.853951437272912e-5
20.41 6.81926745399995e-5
20.42 6.78476064937205e-5
20.43 6.750430107693038e-5
20.44 6.716274918068046e-5
20.45 6.682294174377878e-5
20.46 6.648486975253534e-5
20.47 6.614852424050838e-5
20.48 6.581389628825243e-5
20.490000000000002 6.548097702306747e-5
20.5 6.51497576187497e-5
20.51 6.482022929534326e-5
20.52 6.44923833188938e-5
20.53 6.416621100120305e-5
20.54 6.384170369958488e-5
20.55 6.351885281662253e-5
20.56 6.319764979992745e-5
20.57 6.287808614189913e-5
20.580000000000002 6.25601533794865e-5
20.59 6.224384309395047e-5
20.6 6.192914691062777e-5
20.61 6.161605649869624e-5
20.62 6.130456357094113e-5
20.63 6.099465988352293e-5
20.64 6.06863372357463e-5
20.650000000000002 6.0379587469830356e-5
20.66 6.007440247068007e-5
20.67 5.977077416565907e-5
20.68 5.946869452436362e-5
20.69 5.916815555839776e-5
20.7 5.8869149321149793e-5
20.71 5.857166790756988e-5
20.72 5.827570345394891e-5
20.73 5.79812481376985e-5
20.740000000000002 5.768829417713231e-5
20.75 5.7396833831248416e-5
20.76 5.710685939951295e-5
20.77 5.681836322164488e-5
20.78 5.653133767740198e-5
20.79 5.624577518636796e-5
20.8 5.596166820774071e-5
20.81 5.5679009240121716e-5
20.82 5.539779082130671e-5
20.830000000000002 5.5118005528077294e-5
20.84 5.483964597599382e-5
20.85 5.456270481918934e-5
20.86 5.428717475016465e-5
20.87 5.4013048499584556e-5
20.88 5.374031883607511e-5
20.89 5.3468978566022014e-5
20.900000000000002 5.3199020533370126e-5
20.91 5.293043761942403e-5
20.92 5.266322274264969e-5
20.93 5.2397368858477196e-5
20.94 5.2132868959104537e-5
20.95 5.186971607330247e-5
20.96 5.160790326622046e-5
20.97 5.134742363919364e-5
20.98 5.1088270329550814e-5
20.990000000000002 5.083043651042358e-5
21.0 5.0573915390556336e-5
21.01 5.0318700214117444e-5
21.02 5.006478426051137e-5
21.03 4.981216084419184e-5
21.04 4.9560823314476016e-5
21.05 4.9310765055359674e-5
21.06 4.906197948533333e-5
21.07 4.881446005719952e-5
21.080000000000002 4.8568200257890836e-5
21.09 4.832319360828917e-5
21.1 4.807943366304576e-5
21.11 4.783691401040232e-5
21.12 4.759562827201311e-5
21.13 4.735557010276792e-5
21.14 4.71167331906161e-5
21.150000000000002 4.687911125639141e-5
21.16 4.664269805363799e-5
21.17 4.6407487368437116e-5
21.18 4.6173473019234974e-5
21.19 4.594064885667134e-5
21.2 4.570900876340918e-5
21.21 4.54785466539652e-5
21.22 4.524925647454123e-5
21.23 4.502113220285666e-5
21.240000000000002 4.479416784798162e-5
21.25 4.456835745017119e-5
21.26 4.43436950807004e-5
21.27 4.4120174841700245e-5
21.28 4.3897790865994455e-5
21.29 4.36765373169372e-5
21.3 4.3456408388251715e-5
21.31 4.3237398303869704e-5
21.32 4.3019501317771674e-5
21.330000000000002 4.2802711713828166e-5
21.34 4.2587023805641686e-5
21.35 4.23724319363897e-5
21.36 4.2158930478668255e-5
21.37 4.1946513834336646e-5
21.38 4.17351764343628e-5
21.39 4.1524912738669494e-5
21.400000000000002 4.1315717235981436e-5
21.41 4.110758444367323e-5
21.42 4.090050890761796e-5
21.43 4.069448520203686e-5
21.44 4.048950792934956e-5
21.45 4.028557172002527e-5
21.46 4.008267123243469e-5
21.47 3.988080115270281e-5
21.48 3.9679956194562376e-5
21.490000000000002 3.948013109920827e-5
21.5 3.9281320635152617e-5
21.51 3.90835195980806e-5
21.52 3.8886722810707216e-5
21.53 3.8690925122634644e-5
21.54 3.849612141021047e-5
21.55 3.8302306576386605e-5
21.56 3.810947555057908e-5
21.57 3.791762328852845e-5
21.580000000000002 3.772674477216104e-5
21.59 3.7536835009450935e-5
21.6 3.734788903428263e-5
21.61 3.715990190631452e-5
21.62 3.6972868710843086e-5
21.63 3.678678455866778e-5
21.64 3.6601644585956657e-5
21.650000000000002 3.641744395411277e-5
21.66 3.623417784964122e-5
21.67 3.605184148401689e-5
21.68 3.587043009355303e-5
21.69 3.568993893927041e-5
21.7 3.5510363306767195e-5
21.71 3.533169850608963e-5
21.72 3.515393987160325e-5
21.73 3.4977082761864914e-5
21.740000000000002 3.480112255949548e-5
21.75 3.462605467105312e-5
21.76 3.4451874526907406e-5
21.77 3.427857758111395e-5
21.78 3.410615931128986e-5
21.79 3.3934615218489736e-5
21.8 3.3763940827082414e-5
21.81 3.3594131684628314e-5
21.82 3.3425183361757465e-5
21.830000000000002 3.3257091452048236e-5
21.84 3.30898515719066e-5
21.85 3.2923459360446216e-5
21.86 3.2757910479368906e-5
21.87 3.259320061284605e-5
21.88 3.2429325467400376e-5
21.89 3.226628077178858e-5
21.900000000000002 3.2104062276884444e-5
21.91 3.1942665755562584e-5
21.92 3.1782087002582915e-5
21.93 3.162232183447566e-5
21.94 3.146336608942694e-5
21.95 3.130521562716508e-5
21.96 3.114786632884745e-5
21.97 3.09913140969479e-5
21.98 3.0835554855144874e-5
21.990000000000002 3.068058454821002e-5
22.0 3.0526399141897504e-5
22.01 3.0372994622833825e-5
22.02 3.022036699840825e-5
22.03 3.0068512296663865e-5
22.04 2.9917426566189152e-5
22.05 2.9767105876010194e-5
22.06 2.9617546315483433e-5
22.07 2.946874399418899e-5
22.080000000000002 2.93206950418246e-5
22.09 2.917339560810006e-5
22.1 2.9026841862632252e-5
22.11 2.8881029994840748e-5
22.12 2.8735956213843995e-5
22.13 2.8591616748355953e-5
22.14 2.844800784658341e-5
22.150000000000002 2.830512577612376e-5
22.16 2.816296682386337e-5
22.17 2.8021527295876438e-5
22.18 2.7880803517324492e-5
22.19 2.7740791832356295e-5
22.2 2.7601488604008367e-5
22.21 2.746289021410601e-5
22.22 2.732499306316488e-5
22.23 2.7187793570293092e-5
22.240000000000002 2.705128817309377e-5
22.25 2.6915473327568247e-5
22.26 2.6780345508019626e-5
22.27 2.6645901206957e-5
22.28 2.6512136935000082e-5
22.29 2.63790492207844e-5
22.3 2.6246634610866955e-5
22.31 2.6114889669632433e-5
22.32 2.598381097919986e-5
22.330000000000002 2.585339513932977e-5
22.34 2.5723638767331937e-5
22.35 2.559453849797347e-5
22.36 2.546609098338749e-5
22.37 2.53382928929823e-5
22.38 2.521114091335094e-5
22.39 2.5084631748181365e-5
22.400000000000002 2.4958762118166983e-5
22.41 2.4833528760917722e-5
22.42 2.4708928430871552e-5
22.43 2.4584957899206506e-5
22.44 2.4461613953753124e-5
22.45 2.43388933989074e-5
22.46 2.4216793055544205e-5
22.47 2.4095309760931094e-5
22.48 2.3974440368642655e-5
22.490000000000002 2.3854181748475277e-5
22.5 2.3734530786362366e-5
22.51 2.3615484384290023e-5
22.52 2.3497039460213172e-5
22.53 2.337919294797213e-5
22.54 2.3261941797209606e-5
22.55 2.314528297328817e-5
22.56 2.302921345720812e-5
22.57 2.291373024552583e-5
22.580000000000002 2.2798830350272503e-5
22.59 2.2684510798873364e-5
22.6 2.2570768634067292e-5
22.61 2.2457600913826838e-5
22.62 2.2345004711278724e-5
22.63 2.223297711462474e-5
22.64 2.2121515227063034e-5
22.650000000000002 2.201061616670986e-5
22.66 2.1900277066521717e-5
22.67 2.179049507421791e-5
22.68 2.168126735220354e-5
22.69 2.1572591077492845e-5
22.7 2.1464463441633017e-5
22.71 2.1356881650628382e-5
22.72 2.1249842924864978e-5
22.73 2.114334449903557e-5
22.740000000000002 2.1037383622065025e-5
22.75 2.093195755703608e-5
22.76 2.0827063581115554e-5
22.77 2.0722698985480904e-5
22.78 2.061886107524716e-5
22.79 2.0515547169394306e-5
22.8 2.0412754600694963e-5
22.81 2.031048071564257e-5
22.82 2.02087228743798e-5
22.830000000000002 2.0107478450627494e-5
22.84 2.000674483161387e-5
22.85 1.9906519418004175e-5
22.86 1.9806799623830644e-5
22.87 1.9707582876422912e-5
22.88 1.96088666163387e-5
22.89 1.951064829729497e-5
22.900000000000002 1.941292538609933e-5
22.91 1.9315695362581925e-5
22.92 1.9218955719527574e-5
22.93 1.9122703962608354e-5
22.94 1.9026937610316485e-5
22.95 1.8931654193897603e-5
22.96 1.8836851257284345e-5
22.97 1.8742526357030347e-5
22.98 1.864867706224454e-5
22.990000000000002 1.8555300954525814e-5
23.0 1.8462395627898027e-5
23.01 1.836995868874534e-5
23.02 1.8277987755747916e-5
23.03 1.8186480459817956e-5
23.04 1.809543444403607e-5
23.05 1.800484736358796e-5
23.06 1.7914716885701482e-5
23.07 1.7825040689584006e-5
23.080000000000002 1.7735816466360133e-5
23.09 1.7647041919009702e-5
23.1 1.7558714762306173e-5
23.11 1.7470832722755304e-5
23.12 1.7383393538534147e-5
23.13 1.7296394959430394e-5
23.14 1.7209834746782013e-5
23.150000000000002 1.7123710673417228e-5
23.16 1.703802052359482e-5
23.17 1.6952762092944672e-5
23.18 1.686793318840876e-5
23.19 1.6783531628182308e-5
23.2 1.6699555241655375e-5
23.21 1.6616001869354672e-5
23.22 1.6532869362885724e-5
23.23 1.6450155584875326e-5
23.240000000000002 1.6367858408914294e-5
23.25 1.6285975719500534e-5
23.26 1.6204505411982413e-5
23.27 1.61234453925024e-5
23.28 1.6042793577941028e-5
23.29 1.5962547895861165e-5
23.3 1.5882706284452535e-5
23.31 1.5803266692476572e-5
23.32 1.5724227079211548e-5
23.330000000000002 1.5645585414397988e-5
23.34 1.556733967818438e-5
23.35 1.548948786107316e-5
23.36 1.5412027963867e-5
23.37 1.5334957997615358e-5
23.38 1.5258275983561318e-5
23.39 1.5181979953088727e-5
23.400000000000002 1.5106067947669566e-5
23.41 1.5030538018811655e-5
23.42 1.4955388228006585e-5
23.43 1.4880616646677947e-5
23.44 1.480622135612984e-5
23.45 1.4732200447495639e-5
23.46 1.4658552021687016e-5
23.47 1.458527418934327e-5
23.48 1.4512365070780883e-5
23.490000000000002 1.4439822795943361e-5
23.5 1.436764550435135e-5
23.51 1.4295831345052985e-5
23.52 1.4224378476574533e-5
23.53 1.4153285066871255e-5
23.54 1.4082549293278578e-5
23.55 1.401216934246348e-5
23.56 1.3942143410376142e-5
23.57 1.3872469702201872e-5
23.580000000000002 1.3803146432313254e-5
23.59 1.3734171824222576e-5
23.6 1.366554411053448e-5
23.61 1.3597261532898893e-5
23.62 1.3529322341964175e-5
23.63 1.3461724797330527e-5
23.64 1.3394467167503647e-5
23.650000000000002 1.3327547729848622e-5
23.66 1.326096477054407e-5
23.67 1.3194716584536517e-5
23.68 1.3128801475495001e-5
23.69 1.3063217755765949e-5
23.7 1.2997963746328257e-5
23.71 1.2933037776748619e-5
23.72 1.28684381851371e-5
23.73 1.2804163318102922e-5
23.740000000000002 1.2740211530710493e-5
23.75 1.2676581186435668e-5
23.76 1.2613270657122246e-5
23.77 1.2550278322938674e-5
23.78 1.2487602572334998e-5
23.79 1.2425241802000025e-5
23.8 1.236319441681873e-5
23.81 1.2301458829829868e-5
23.82 1.2240033462183814e-5
23.830000000000002 1.2178916743100624e-5
23.84 1.2118107109828317e-5
23.85 1.2057603007601371e-5
23.86 1.1997402889599455e-5
23.87 1.1937505216906334e-5
23.88 1.187790845846905e-5
23.89 1.1818611091057264e-5
23.900000000000002 1.1759611599222842e-5
23.91 1.170090847525964e-5
23.92 1.1642500219163506e-5
23.93 1.158438533859248e-5
23.94 1.1526562348827218e-5
23.95 1.1469029772731621e-5
23.96 1.141178614071365e-5
23.97 1.1354829990686374e-5
23.98 1.1298159868029196e-5
23.990000000000002 1.1241774325549322e-5
24.0 1.1185671923443377e-5
24.01 1.1129851229259258e-5
24.02 1.1074310817858184e-5
24.03 1.1019049271376942e-5
24.04 1.0964065179190318e-5
24.05 1.0909357137873738e-5
24.060000000000002 1.085492375116611e-5
24.07 1.080076362993284e-5
24.080000000000002 1.0746875392129062e-5
24.09 1.0693257662763043e-5
24.1 1.0639909073859792e-5
24.11 1.058682826442486e-5
24.12 1.053401388040832e-5
24.13 1.0481464574668933e-5
24.14 1.042917900693852e-5
24.150000000000002 1.037715584378651e-5
24.16 1.0325393758584656e-5
24.17 1.0273891431471967e-5
24.18 1.0222647549319797e-5
24.19 1.017166080569714e-5
24.2 1.0120929900836074e-5
24.21 1.007045354159743e-5
24.22 1.002023044143659e-5
24.23 9.970259320369514e-6
24.240000000000002 9.920538904938896e-6
24.25 9.87106792818054e-6
24.26 9.821845129589884e-6
24.27 9.772869255088705e-6
24.28 9.724139056992006e-6
24.29 9.675653293975059e-6
24.3 9.62741073104065e-6
24.310000000000002 9.579410139486454e-6
24.32 9.53165029687262e-6
24.330000000000002 9.4841299869895e-6
24.34 9.436847999825546e-6
24.35 9.389803131535402e-6
24.36 9.342994184408126e-6
24.37 9.296419966835605e-6
24.38 9.25007929328112e-6
24.39 9.20397098424808e-6
24.400000000000002 9.158093866248918e-6
24.41 9.112446771774153e-6
24.42 9.067028539261613e-6
24.43 9.02183801306581e-6
24.44 8.976874043427483e-6
24.45 8.932135486443308e-6
24.46 8.887621204035733e-6
24.47 8.843330063923016e-6
24.48 8.799260939589387e-6
24.490000000000002 8.755412710255368e-6
24.5 8.711784260848265e-6
24.51 8.668374481972798e-6
24.52 8.625182269881896e-6
24.53 8.582206526447623e-6
24.54 8.539446159132286e-6
24.55 8.496900080959667e-6
24.560000000000002 8.454567210486425e-6
24.57 8.412446471773631e-6
24.580000000000002 8.370536794358458e-6
24.59 8.328837113226018e-6
24.6 8.287346368781349e-6
24.61 8.246063506821542e-6
24.62 8.204987478508017e-6
24.63 8.16411724033895e-6
24.64 8.123451754121824e-6
24.650000000000002 8.082989986946141e-6
24.66 8.042730911156271e-6
24.67 8.00267350432443e-6
24.68 7.962816749223833e-6
24.69 7.923159633801937e-6
24.7 7.883701151153878e-6
24.71 7.844440299495992e-6
24.72 7.805376082139513e-6
24.73 7.766507507464401e-6
24.740000000000002 7.727833588893283e-6
24.75 7.689353344865564e-6
24.76 7.651065798811642e-6
24.77 7.612969979127281e-6
24.78 7.575064919148097e-6
24.79 7.537349657124191e-6
24.8 7.499823236194915e-6
24.810000000000002 7.4624847043637555e-6
24.82 7.425333114473352e-6
24.830000000000002 7.388367524180667e-6
24.84 7.351586995932245e-6
24.85 7.314990596939639e-6
24.86 7.278577399154935e-6
24.87 7.242346479246427e-6
24.88 7.206296918574404e-6
24.89 7.17042780316707e-6
24.900000000000002 7.134738223696575e-6
24.91 7.099227275455195e-6
24.92 7.063894058331618e-6
24.93 7.028737676787353e-6
24.94 6.993757239833274e-6
24.95 6.958951861006268e-6
24.96 6.924320658346021e-6
24.97 6.889862754371917e-6
24.98 6.8555772760600565e-6
24.990000000000002 6.821463354820394e-6
25.0 6.787520126474e-6
25.01 6.753746731230433e-6
25.02 6.720142313665237e-6
25.03 6.686706022697544e-6
25.04 6.653437011567804e-6
25.05 6.620334437815632e-6
25.060000000000002 6.58739746325776e-6
25.07 6.554625253966106e-6
25.080000000000002 6.522016980245965e-6
25.09 6.489571816614303e-6
25.1 6.457288941778166e-6
25.11 6.425167538613211e-6
25.12 6.393206794142328e-6
25.13 6.361405899514398e-6
25.14 6.329764049983137e-6
25.150000000000002 6.298280444886071e-6
25.16 6.266954287623601e-6
25.17 6.235784785638195e-6
25.18 6.204771150393664e-6
25.19 6.173912597354577e-6
25.2 6.143208345965754e-6
25.21 6.112657619631882e-6
25.22 6.082259645697227e-6
25.23 6.052013655425463e-6
25.240000000000002 6.0219188839795876e-6
25.25 5.991974570401964e-6
25.26 5.962179957594446e-6
25.27 5.9325342922986255e-6
25.28 5.903036825076153e-6
25.29 5.873686810289196e-6
25.3 5.844483506080973e-6
25.310000000000002 5.815426174356397e-6
25.32 5.786514080762823e-6
25.330000000000002 5.7577464946708885e-6
25.34 5.729122689155454e-6
25.35 5.700641940976645e-6
25.36 5.672303530560993e-6
25.37 5.64410674198267e-6
25.38 5.6160508629448205e-6
25.39 5.588135184760998e-6
25.400000000000002 5.560359002336687e-6
25.41 5.532721614150927e-6
25.42 5.505222322238028e-6
25.43 5.4778604321693856e-6
25.44 5.4506352530353855e-6
25.45 5.4235460974274015e-6
25.46 5.396592281419891e-6
25.47 5.3697731245525765e-6
25.48 5.3430879498127314e-6
25.490000000000002 5.316536083617542e-6
25.5 5.29011685579657e-6
25.51 5.2638295995743025e-6
25.52 5.237673651552799e-6
25.53 5.211648351694414e-6
25.54 5.185753043304623e-6
25.55 5.159987073014935e-6
25.560000000000002 5.13434979076588e-6
25.57 5.10884054979011e-6
25.580000000000002 5.083458706595555e-6
25.59 5.058203620948694e-6
25.6 5.033074655857899e-6
25.61 5.008071177556867e-6
25.62 4.983192555488136e-6
25.63 4.958438162286698e-6
25.64 4.933807373763674e-6
25.650000000000002 4.909299568890095e-6
25.66 4.884914129780761e-6
25.67 4.860650441678167e-6
25.68 4.836507892936541e-6
25.69 4.812485875005942e-6
25.7 4.788583782416443e-6
25.71 4.764801012762413e-6
25.72 4.7411369666868555e-6
25.73 4.717591047865841e-6
25.740000000000002 4.694162662993025e-6
25.75 4.670851221764232e-6
25.76 4.647656136862132e-6
25.77 4.624576823940988e-6
25.78 4.601612701611484e-6
25.79 4.5787631914256325e-6
25.8 4.556027717861762e-6
25.810000000000002 4.533405708309576e-6
25.82 4.5108965930552944e-6
25.830000000000002 4.48849980526687e-6
25.84 4.466214780979282e-6
25.85 4.4440409590799025e-6
25.86 4.4219777812939365e-6
25.87 4.400024692169954e-6
25.88 4.378181139065468e-6
25.89 4.356446572132615e-6
25.900000000000002 4.334820444303891e-6
25.91 4.313302211277966e-6
25.92 4.291891331505576e-6
25.93 4.27058726617548e-6
25.94 4.2493894792005e-6
25.95 4.228297437203624e-6
25.96 4.2073106095041805e-6
25.97 4.186428468104092e-6
25.98 4.165650487674191e-6
25.990000000000002 4.144976145540615e-6
26.0 4.124404921671258e-6
26.01 4.103936298662308e-6
26.02 4.083569761724846e-6
26.03 4.06330479867151e-6
26.04 4.043140899903242e-6
26.05 4.023077558396078e-6
26.060000000000002 4.003114269688037e-6
26.07 3.983250531866051e-6
26.080000000000002 3.9634858455529825e-6
26.09 3.94381971389469e-6
26.1 3.924251642547178e-6
26.11 3.904781139663802e-6
26.12 3.885407715882543e-6
26.13 3.866130884313349e-6
26.14 3.846950160525534e-6
26.150000000000002 3.827865062535256e-6
26.16 3.8088751107930454e-6
26.17 3.7899798281714024e-6
26.18 3.771178739952462e-6
26.19 3.7524713738157206e-6
26.2 3.7338572598258207e-6
26.21 3.715335930420409e-6
26.22 3.696906920398043e-6
26.23 3.678569766906176e-6
26.240000000000002 3.660324009429188e-6
26.25 3.6421691897764857e-6
26.26 3.624104852070671e-6
26.27 3.6061305427357554e-6
26.28 3.5882458104854496e-6
26.29 3.570450206311494e-6
26.3 3.5527432834720793e-6
26.310000000000002 3.535124597480292e-6
26.32 3.5175937060926466e-6
26.330000000000002 3.5001501692976655e-6
26.34 3.482793549304513e-6
26.35 3.4655234105317005e-6
26.36 3.4483393195958357e-6
26.37 3.4312408453004423e-6
26.38 3.414227558624829e-6
26.39 3.397299032713018e-6
26.400000000000002 3.3804548428627305e-6
26.41 3.363694566514429e-6
26.42 3.347017783240416e-6
26.43 3.33042407473399e-6
26.44 3.313913024798652e-6
26.45 3.297484219337375e-6
26.46 3.281137246341925e-6
26.47 3.2648716958822316e-6
26.48 3.248687160095824e-6
26.490000000000002 3.2325832331773147e-6
26.5 3.216559511367935e-6
26.51 3.2006155929451326e-6
26.52 3.1847510782122107e-6
26.53 3.1689655694880337e-6
26.54 3.1532586710967744e-6
26.55 3.137629989357722e-6
26.560000000000002 3.122079132575135e-6
26.57 3.1066057110281555e-6
26.580000000000002 3.0912093369607667e-6
26.59 3.075889624571806e-6
26.6 3.060646190005026e-6
26.61 3.045478651339215e-6
26.62 3.0303866285783583e-6
26.63 3.015369743641854e-6
26.64 3.000427620354782e-6
26.650000000000002 2.9855598844382146e-6
26.66 2.9707661634995887e-6
26.67 2.9560460870231182e-6
26.68 2.941399286360256e-6
26.69 2.9268253947202123e-6
26.7 2.9123240471605133e-6
26.71 2.897894880577613e-6
26.72 2.88353753369755e-6
26.73 2.869251647066657e-6
26.740000000000002 2.8550368630423124e-6
26.75 2.8408928257837434e-6
26.76 2.8268191812428717e-6
26.77 2.8128155771552138e-6
26.78 2.79888166303082e-6
26.79 2.785017090145266e-6
26.8 2.7712215115306874e-6
26.810000000000002 2.757494581966857e-6
26.82 2.7438359579723174e-6
26.830000000000002 2.7302452977955495e-6
26.84 2.71672226140619e-6
26.85 2.7032665104862946e-6
26.86 2.6898777084216482e-6
26.87 2.676555520293111e-6
26.88 2.6632996128680193e-6
26.89 2.6501096545916245e-6
26.900000000000002 2.6369853155785766e-6
26.91 2.6239262676044534e-6
26.92 2.6109321840973297e-6
26.93 2.5980027401293937e-6
26.94 2.5851376124086024e-6
26.95 2.5723364792703833e-6
26.96 2.559599020669377e-6
26.97 2.5469249181712206e-6
26.98 2.5343138549443758e-6
26.990000000000002 2.521765515751998e-6
27.0 2.509279586943847e-6
27.01 2.4968557564482352e-6
27.02 2.4844937137640276e-6
27.03 2.472193149952672e-6
27.04 2.459953757630272e-6
27.05 2.4477752309597064e-6
27.060000000000002 2.435657265642782e-6
27.07 2.4235995589124318e-6
27.080000000000002 2.4116018095249495e-6
27.09 2.3996637177522644e-6
27.1 2.387784985374261e-6
27.11 2.3759653156711286e-6
27.12 2.3642044134157568e-6
27.13 2.3525019848661678e-6
27.14 2.340857737757991e-6
27.150000000000002 2.3292713812969678e-6
27.16 2.317742626151503e-6
27.17 2.3062711844452504e-6
27.18 2.294856769749737e-6
27.19 2.2834990970770227e-6
27.2 2.2721978828724047e-6
27.21 2.2609528450071506e-6
27.22 2.249763702771274e-6
27.23 2.2386301768663443e-6
27.240000000000002 2.2275519893983353e-6
27.25 2.2165288638705094e-6
27.26 2.205560525176339e-6
27.27 2.194646699592463e-6
27.28 2.1837871147716756e-6
27.29 2.172981499735963e-6
27.3 2.162229584869562e-6
27.310000000000002 2.151531101912061e-6
27.32 2.140885783951537e-6
27.330000000000002 2.130293365417722e-6
27.34 2.1197535820752127e-6
27.35 2.109266171016706e-6
27.36 2.0988308706562766e-6
27.37 2.0884474207226837e-6
27.38 2.0781155622527165e-6
27.39 2.0678350375845674e-6
27.400000000000002 2.057605590351247e-6
27.41 2.0474269654740246e-6
27.42 2.037298909155909e-6
27.43 2.027221168875157e-6
27.44 2.0171934933788223e-6
27.45 2.007215632676328e-6
27.46 1.9972873380330812e-6
27.47 1.9874083619641115e-6
27.48 1.9775784582277497e-6
27.490000000000002 1.9677973818193347e-6
27.5 1.9580648889649514e-6
27.51 1.9483807371152047e-6
27.52 1.9387446849390208e-6
27.53 1.9291564923174834e-6
27.54 1.9196159203377027e-6
27.55 1.910122731286708e-6
27.560000000000002 1.9006766886453832e-6
27.57 1.8912775570824208e-6
27.580000000000002 1.8819251024483177e-6
27.59 1.8726190917693937e-6
27.6 1.8633592932418438e-6
27.61 1.8541454762258228e-6
27.62 1.8449774112395556e-6
27.63 1.8358548699534802e-6
27.64 1.826777625184423e-6
27.650000000000002 1.817745450889798e-6
27.66 1.808758122161839e-6
27.67 1.7998154152218617e-6
27.68 1.7909171074145549e-6
27.69 1.782062977202298e-6
27.7 1.773252804159513e-6
27.71 1.7644863689670384e-6
27.72 1.755763453406538e-6
27.73 1.7470838403549352e-6
27.740000000000002 1.7384473137788751e-6
27.75 1.7298536587292174e-6
27.76 1.7213026613355537e-6
27.77 1.7127941088007565e-6
27.78 1.7043277893955534e-6
27.79 1.6959034924531316e-6
27.8 1.6875210083637656e-6
27.810000000000002 1.6791801285694775e-6
27.82 1.67088064555872e-6
27.830000000000002 1.6626223528610896e-6
27.84 1.6544050450420657e-6
27.85 1.6462285176977752e-6
27.86 1.6380925674497864e-6
27.87 1.629996991939927e-6
27.88 1.6219415898251296e-6
27.89 1.6139261607723055e-6
27.900000000000002 1.6059505054532387e-6
27.91 1.598014425539513e-6
27.92 1.5901177236974601e-6
27.93 1.5822602035831356e-6
27.94 1.5744416698373196e-6
27.95 1.5666619280805437e-6
27.96 1.5589207849081415e-6
27.97 1.5512180478853282e-6
27.98 1.5435535255422995e-6
27.990000000000002 1.5359270273693609e-6
28.0 1.5283383638120797e-6
28.01 1.5207873462664594e-6
28.02 1.513273787074143e-6
28.03 1.505797499517637e-6
28.04 1.4983582978155622e-6
28.05 1.4909559971179275e-6
28.060000000000002 1.4835904135014284e-6
28.07 1.4762613639647676e-6
28.080000000000002 1.4689686664240023e-6
28.09 1.4617121397079127e-6
28.1 1.4544916035533964e-6
28.11 1.447306878600884e-6
28.12 1.4401577863897791e-6
28.13 1.4330441493539215e-6
28.14 1.4259657908170725e-6
28.150000000000002 1.4189225349884257e-6
28.16 1.4119142069581383e-6
28.17 1.4049406326928851e-6
28.18 1.3980016390314373e-6
28.19 1.3910970536802607e-6
28.2 1.3842267052091388e-6
28.21 1.3773904230468172e-6
28.22 1.3705880374766705e-6
28.23 1.3638193796323906e-6
28.240000000000002 1.357084281493698e-6
28.25 1.3503825758820728e-6
28.26 1.3437140964565106e-6
28.27 1.3370786777092968e-6
28.28 1.330476154961805e-6
28.29 1.3239063643603148e-6
28.3 1.317369142871852e-6
28.310000000000002 1.3108643282800498e-6
28.32 1.3043917591810302e-6
28.330000000000002 1.2979512749793077e-6
28.34 1.291542715883712e-6
28.35 1.2851659229033338e-6
28.36 1.2788207378434893e-6
28.37 1.272507003301706e-6
28.38 1.2662245626637295e-6
28.39 1.2599732600995482e-6
28.400000000000002 1.253752940559442e-6
28.41 1.2475634497700463e-6
28.42 1.241404634230441e-6
28.43 1.2352763412082559e-6
28.44 1.2291784187357973e-6
28.45 1.223110715606194e-6
28.46 1.2170730813695628e-6
28.47 1.2110653663291937e-6
28.48 1.2050874215377538e-6
28.490000000000002 1.1991390987935115e-6
28.5 1.1932202506365792e-6
28.51 1.187330730345176e-6
28.52 1.1814703919319064e-6
28.53 1.1756390901400642e-6
28.54 1.1698366804399465e-6
28.55 1.1640630190251941e-6
28.560000000000002 1.1583179628091476e-6
28.57 1.1526013694212195e-6
28.580000000000002 1.1469130972032893e-6
28.59 1.1412530052061133e-6
28.6 1.1356209531857546e-6
28.61 1.1300168016000304e-6
28.62 1.124440411604978e-6
28.63 1.1188916450513373e-6
28.64 1.1133703644810532e-6
28.650000000000002 1.1078764331237945e-6
28.66 1.102409714893489e-6
28.67 1.0969700743848817e-6
28.68 1.0915573768701023e-6
28.69 1.0861714882952575e-6
28.7 1.080812275277036e-6
28.71 1.0754796050993325e-6
28.72 1.07017334570989e-6
28.73 1.0648933657169544e-6
28.740000000000002 1.0596395343859538e-6
28.75 1.0544117216361864e-6
28.76 1.0492097980375314e-6
28.77 1.0440336348071725e-6
28.78 1.0388831038063418e-6
28.79 1.0337580775370765e-6
28.8 1.0286584291389952e-6
28.810000000000002 1.0235840323860875e-6
28.82 1.0185347616835222e-6
28.830000000000002 1.013510492064471e-6
28.84 1.0085110991869487e-6
28.85 1.003536459330668e-6
28.86 9.985864493939113e-7
28.87 9.936609468904194e-7
28.88 9.887598299462944e-7
28.89 9.838829772969183e-7
28.900000000000002 9.790302682838875e-7
28.91 9.74201582851964e-7
28.92 9.693968015460401e-7
28.93 9.646158055081203e-7
28.94 9.598584764743173e-7
28.95 9.551246967718634e-7
28.96 9.504143493161377e-7
28.97 9.457273176077073e-7
28.98 9.410634857293852e-7
28.990000000000002 9.364227383433007e-7
29.0 9.318049606879869e-7
29.01 9.272100385754812e-7
29.02 9.226378583884418e-7
29.03 9.180883070772789e-7
29.04 9.135612721572998e-7
29.05 9.090566417058664e-7
29.060000000000002 9.045743043595725e-7
29.07 9.001141493114292e-7
29.080000000000002 8.956760663080688e-7
29.09 8.91259945646962e-7
29.1 8.868656781736478e-7
29.11 8.824931552789792e-7
29.12 8.781422688963811e-7
29.13 8.738129114991242e-7
29.14 8.695049760976099e-7
29.150000000000002 8.652183562366722e-7
29.16 8.609529459928903e-7
29.17 8.567086399719172e-7
29.18 8.524853333058205e-7
29.19 8.482829216504357e-7
29.2 8.44101301182736e-7
29.21 8.399403685982123e-7
29.22 8.358000211082682e-7
29.23 8.316801564376269e-7
29.240000000000002 8.275806728217534e-7
29.25 8.23501469004287e-7
29.26 8.194424442344893e-7
29.27 8.154034982647028e-7
29.28 8.113845313478243e-7
29.29 8.073854442347906e-7
29.3 8.034061381720754e-7
29.310000000000002 7.994465148992014e-7
29.32 7.955064766462632e-7
29.330000000000002 7.915859261314627e-7
29.34 7.876847665586584e-7
29.35 7.838029016149256e-7
29.36 7.799402354681303e-7
29.37 7.760966727645135e-7
29.38 7.722721186262893e-7
29.39 7.68466478649255e-7
29.400000000000002 7.64679658900413e-7
29.41 7.609115659156041e-7
29.42 7.57162106697154e-7
29.43 7.534311887115303e-7
29.44 7.497187198870129e-7
29.45 7.46024608611375e-7
29.46 7.423487637295763e-7
29.47 7.386910945414677e-7
29.48 7.350515107995083e-7
29.490000000000002 7.314299227064924e-7
29.5 7.278262409132899e-7
29.51 7.242403765165964e-7
29.52 7.206722410566954e-7
29.53 7.171217465152326e-7
29.54 7.13588805313e-7
29.55 7.100733303077323e-7
29.560000000000002 7.065752347919139e-7
29.57 7.030944324905969e-7
29.580000000000002 6.99630837559231e-7
29.59 6.961843645815027e-7
29.6 6.927549285671873e-7
29.61 6.893424449500105e-7
29.62 6.859468295855212e-7
29.63 6.825679987489753e-7
29.64 6.792058691332299e-7
29.650000000000002 6.758603578466479e-7
29.66 6.725313824110138e-7
29.67 6.692188607594594e-7
29.68 6.659227112344002e-7
29.69 6.626428525854832e-7
29.7 6.593792039675428e-7
29.71 6.561316849385694e-7
29.72 6.529002154576863e-7
29.73 6.496847158831394e-7
29.740000000000002 6.464851069702934e-7
29.75 6.433013098696424e-7
29.76 6.401332461248258e-7
29.77 6.369808376706587e-7
29.78 6.338440068311691e-7
29.79 6.307226763176468e-7
29.8 6.276167692267016e-7
29.810000000000002 6.245262090383307e-7
29.82 6.214509196139965e-7
29.830000000000002 6.183908251947144e-7
29.84 6.153458503991494e-7
29.85 6.123159202217226e-7
29.86 6.093009600307284e-7
29.87 6.063008955664588e-7
29.88 6.0331565293934e-7
29.89 6.00345158628076e-7
29.900000000000002 5.97389339477803e-7
29.91 5.944481226982525e-7
29.92 5.915214358619237e-7
29.93 5.886092069022654e-7
29.94 5.857113641118674e-7
29.95 5.8282783614066e-7
29.96 5.79958551994123e-7
29.97 5.771034410315044e-7
29.98 5.742624329640473e-7
29.990000000000002 5.714354578532264e-7
30.0 5.686224461089921e-7
30.01 5.658233284880255e-7
30.02 5.630380360920008e-7
30.03 5.602665003658556e-7
30.04 5.575086530960733e-7
30.05 5.547644264089696e-7
30.060000000000002 5.520337527689915e-7
30.07 5.493165649770221e-7
30.080000000000002 5.46612796168697e-7
30.09 5.439223798127256e-7
30.1 5.412452497092241e-7
30.11 5.385813399880543e-7
30.12 5.359305851071728e-7
30.13 5.332929198509871e-7
30.14 5.306682793287209e-7
30.150000000000002 5.280565989727871e-7
30.16 5.254578145371694e-7
30.17 5.228718620958118e-7
30.18 5.202986780410161e-7
30.19 5.17738199081848e-7
30.2 5.151903622425503e-7
30.21 5.126551048609654e-7
30.22 5.10132364586965e-7
30.23 5.076220793808871e-7
30.240000000000002 5.051241875119821e-7
30.25 5.02638627556866e-7
30.26 5.001653383979818e-7
30.27 4.97704259222068e-7
30.28 4.952553295186355e-7
30.29 4.928184890784518e-7
30.3 4.903936779920332e-7
30.310000000000002 4.879808366481441e-7
30.32 4.855799057323041e-7
30.330000000000002 4.831908262253026e-7
30.34 4.808135394017212e-7
30.35 4.784479868284634e-7
30.36 4.760941103632907e-7
30.37 4.737518521533678e-7
30.38 4.714211546338141e-7
30.39 4.6910196052626226e-7
30.400000000000002 4.667942128374251e-7
30.41 4.6449785485766814e-7
30.42 4.6221283015959123e-7
30.43 4.599390825966157e-7
30.44 4.57676556301579e-7
30.45 4.554251956853377e-7
30.46 4.531849454353753e-7
30.47 4.5095575051441925e-7
30.48 4.4873755615906353e-7
30.490000000000002 4.4653030787839817e-7
30.5 4.443339514526469e-7
30.51 4.4214843293180994e-7
30.52 4.3997369863431535e-7
30.53 4.378096951456754e-7
30.54 4.3565636931715146e-7
30.55 4.335136682644242e-7
30.560000000000002 4.3138153936627183e-7
30.57 4.292599302632532e-7
30.580000000000002 4.2714878885639944e-7
30.59 4.250480633059109e-7
30.6 4.229577020298608e-7
30.61 4.2087765370290627e-7
30.62 4.188078672550049e-7
30.63 4.1674829187013806e-7
30.64 4.146988769850411e-7
30.650000000000002 4.12659572287939e-7
30.66 4.1063032771728914e-7
30.67 4.086110934605303e-7
30.68 4.066018199528374e-7
30.69 4.0460245787588355e-7
30.7 4.026129581566075e-7
30.71 4.006332719659873e-7
30.72 3.9866335071782043e-7
30.73 3.9670314606751e-7
30.740000000000002 3.947526099108573e-7
30.75 3.928116943828593e-7
30.76 3.9088035185651407e-7
30.77 3.889585349416305e-7
30.78 3.8704619648364515e-7
30.79 3.851432895624441e-7
30.8 3.8324976749119165e-7
30.810000000000002 3.813655838151641e-7
30.82 3.7949069231059024e-7
30.830000000000002 3.7762504698349663e-7
30.84 3.7576860206856e-7
30.85 3.7392131202796384e-7
30.86 3.720831315502622e-7
30.87 3.7025401554924833e-7
30.88 3.684339191628293e-7
30.89 3.666227977519064e-7
30.900000000000002 3.6482060689926045e-7
30.91 3.630273024084441e-7
30.92 3.612428403026781e-7
30.93 3.5946717682375447e-7
30.94 3.5770026843094416e-7
30.95 3.559420717999108e-7
30.96 3.5419254382162983e-7
30.970000000000002 3.52451641601313e-7
30.98 3.5071932245733816e-7
30.990000000000002 3.4899554392018435e-7
31.0 3.4728026373137295e-7
31.01 3.455734398424131e-7
31.02 3.438750304137531e-7
31.03 3.421849938137371e-7
31.04 3.405032886175664e-7
31.05 3.388298736062669e-7
31.060000000000002 3.37164707765661e-7
31.07 3.3550775028534476e-7
31.080000000000002 3.338589605576709e-7
31.09 3.32218298176736e-7
31.1 3.305857229373731e-7
31.11 3.289611948341494e-7
31.12 3.273446740603693e-7
31.13 3.25736121007082e-7
31.14 3.241354962620943e-7
31.150000000000002 3.225427606089879e-7
31.16 3.2095787502614267e-7
31.17 3.1938080068576363e-7
31.18 3.1781149895291386e-7
31.19 3.162499313845513e-7
31.2 3.146960597285715e-7
31.21 3.131498459228539e-7
31.220000000000002 3.1161125209431406e-7
31.23 3.100802405579596e-7
31.240000000000002 3.0855677381595187e-7
31.25 3.0704081455667187e-7
31.26 3.055323256537905e-7
31.27 3.0403127016534433e-7
31.28 3.0253761133281494e-7
31.29 3.0105131258021424e-7
31.3 2.995723375131727e-7
31.310000000000002 2.98100649918034e-7
31.32 2.9663621376095244e-7
31.330000000000002 2.9517899318699637e-7
31.34 2.9372895251925495e-7
31.35 2.9228605625795046e-7
31.36 2.9085026907955414e-7
31.37 2.8942155583590715e-7
31.38 2.879998815533453e-7
31.39 2.865852114318288e-7
31.400000000000002 2.8517751084407594e-7
31.41 2.837767453347014e-7
31.42 2.8238288061935863e-7
31.43 2.8099588258388684e-7
31.44 2.796157172834618e-7
31.45 2.7824235094175154e-7
31.46 2.768757499500757e-7
31.470000000000002 2.755158808665693e-7
31.48 2.7416271041535113e-7
31.490000000000002 2.728162054856955e-7
31.5 2.714763331312085e-7
31.51 2.7014306056900893e-7
31.52 2.6881635517891237e-7
31.53 2.6749618450262036e-7
31.54 2.661825162429126e-7
31.55 2.6487531826284405e-7
31.560000000000002 2.6357455858494554e-7
31.57 2.622802053904288e-7
31.580000000000002 2.609922270183952e-7
31.59 2.597105919650484e-7
31.6 2.5843526888291106e-7
31.61 2.5716622658004566e-7
31.62 2.5590343401927897e-7
31.63 2.546468603174303e-7
31.64 2.5339647474454413e-7
31.650000000000002 2.521522467231261e-7
31.66 2.5091414582738296e-7
31.67 2.496821417824666e-7
31.68 2.4845620446372135e-7
31.69 2.4723630389593535e-7
31.7 2.4602241025259585e-7
31.71 2.448144938551481e-7
31.720000000000002 2.4361252517225754e-7
31.73 2.4241647481907656e-7
31.740000000000002 2.4122631355651406e-7
31.75 2.400420122905091e-7
31.76 2.388635420713082e-7
31.77 2.3769087409274638e-7
31.78 2.365239796915311e-7
31.79 2.353628303465311e-7
31.8 2.3420739767806738e-7
31.810000000000002 2.3305765344720847e-7
31.82 2.3191356955506907e-7
31.830000000000002 2.307751180421127e-7
31.84 2.2964227108745686e-7
31.85 2.285150010081826e-7
31.86 2.2739328025864706e-7
31.87 2.2627708142979946e-7
31.88 2.251663772485008e-7
31.89 2.2406114057684634e-7
31.900000000000002 2.2296134441149264e-7
31.91 2.2186696188298667e-7
31.92 2.2077796625509906e-7
31.93 2.196943309241606e-7
31.94 2.1861602941840172e-7
31.95 2.1754303539729554e-7
31.96 2.1647532265090442e-7
31.970000000000002 2.1541286509922934e-7
31.98 2.1435563679156284e-7
31.990000000000002 2.1330361190584497e-7
32.0 2.1225676474802285e-7
32.01 2.1121506975141287e-7
32.02 2.1017850147606664e-7
32.03 2.0914703460813972e-7
32.04 2.0812064395926382e-7
32.05 2.0709930446592192e-7
32.06 2.0608299118882654e-7
32.07 2.0507167931230118e-7
32.08 2.0406534414366502e-7
32.09 2.0306396111262025e-7
32.1 2.020675057706429e-7
32.11 2.010759537903765e-7
32.12 2.0008928096502903e-7
32.13 1.9910746320777236e-7
32.14 1.981304765511454e-7
32.15 1.971582971464596e-7
32.160000000000004 1.9619090126320784e-7
32.17 1.9522826528847604e-7
32.18 1.942703657263579e-7
32.19 1.9331717919737244e-7
32.2 1.923686824378845e-7
32.21 1.914248522995282e-7
32.22 1.9048566574863308e-7
32.230000000000004 1.8955109986565334e-7
32.24 1.886211318445998e-7
32.25 1.876957389924748e-7
32.26 1.867748987287099e-7
32.27 1.8585858858460632e-7
32.28 1.849467862027783e-7
32.29 1.8403946933659893e-7
32.3 1.8313661584964934e-7
32.31 1.8223820371517005e-7
32.32 1.8134421101551548e-7
32.33 1.80454615941611e-7
32.34 1.7956939679241265e-7
32.35 1.7868853197436967e-7
32.36 1.7781200000088973e-7
32.37 1.7693977949180659e-7
32.38 1.76071849172851e-7
32.39 1.7520818787512348e-7
32.4 1.7434877453457032e-7
32.410000000000004 1.7349358819146205e-7
32.42 1.7264260798987433e-7
32.43 1.7179581317717163e-7
32.44 1.7095318310349357e-7
32.45 1.7011469722124344e-7
32.46 1.6928033508457972e-7
32.47 1.6845007634891e-7
32.480000000000004 1.6762390077038719e-7
32.49 1.6680178820540868e-7
32.5 1.6598371861011762e-7
32.51 1.651696720399069e-7
32.52 1.643596286489256e-7
32.53 1.6355356868958769e-7
32.54 1.6275147251208355e-7
32.55 1.6195332056389373e-7
32.56 1.6115909338930499e-7
32.57 1.603687716289291e-7
32.58 1.5958233601922374e-7
32.59 1.58799767392016e-7
32.6 1.5802104667402815e-7
32.61 1.5724615488640585e-7
32.62 1.5647507314424863e-7
32.63 1.557077826561428e-7
32.64 1.549442647236966e-7
32.65 1.5418450074107787e-7
32.660000000000004 1.5342847219455381e-7
32.67 1.5267616066203307e-7
32.68 1.5192754781261028e-7
32.69 1.511826154061127e-7
32.7 1.5044134529264917e-7
32.71 1.4970371941216148e-7
32.72 1.4896971979397777e-7
32.730000000000004 1.4823932855636807e-7
32.74 1.4751252790610244e-7
32.75 1.4678930013801106e-7
32.76 1.4606962763454638e-7
32.77 1.4535349286534781e-7
32.78 1.4464087838680849e-7
32.79 1.4393176684164388e-7
32.8 1.43226140958463e-7
32.81 1.4252398355134135e-7
32.82 1.4182527751939646e-7
32.83 1.4113000584636507e-7
32.84 1.4043815160018287e-7
32.85 1.3974969793256586e-7
32.86 1.3906462807859424e-7
32.87 1.3838292535629808e-7
32.88 1.3770457316624524e-7
32.89 1.370295549911312e-7
32.9 1.363578543953712e-7
32.910000000000004 1.356894550246939e-7
32.92 1.3502434060573777e-7
32.93 1.3436249494564893e-7
32.94 1.3370390193168121e-7
32.95 1.3304854553079823e-7
32.96 1.323964097892775e-7
32.97 1.317474788323162e-7
32.980000000000004 1.3110173686363943e-7
32.99 1.3045916816510985e-7
33.0 1.2981975709633983e-7
33.01 1.2918348809430515e-7
33.02 1.285503456729608e-7
33.03 1.2792031442285838e-7
33.04 1.272933790107661e-7
33.05 1.2666952417928993e-7
33.06 1.26048734746497e-7
33.07 1.25430995605541e-7
33.08 1.2481629172428913e-7
33.09 1.242046081449511e-7
33.1 1.2359592998371e-7
33.11 1.2299024243035488e-7
33.12 1.223875307479154e-7
33.13 1.21787780272298e-7
33.14 1.2119097641192415e-7
33.15 1.205971046473701e-7
33.160000000000004 1.2000615053100872e-7
33.17 1.1941809968665327e-7
33.18 1.1883293780920228e-7
33.19 1.1825065066428696e-7
33.2 1.1767122408791984e-7
33.21 1.170946439861454e-7
33.22 1.1652089633469249e-7
33.230000000000004 1.1594996717862829e-7
33.24 1.1538184263201411e-7
33.25 1.1481650887756296e-7
33.26 1.1425395216629874e-7
33.27 1.1369415881721715e-7
33.28 1.1313711521694816e-7
33.29 1.1258280781942065e-7
33.3 1.1203122314552792e-7
33.31 1.1148234778279567e-7
33.32 1.109361683850512e-7
33.33 1.1039267167209421e-7
33.34 1.0985184442936959e-7
33.35 1.0931367350764148e-7
33.36 1.0877814582266916e-7
33.37 1.0824524835488449e-7
33.38 1.0771496814907095e-7
33.39 1.0718729231404437e-7
33.4 1.066622080223351e-7
33.410000000000004 1.0613970250987192e-7
33.42 1.056197630756674e-7
33.43 1.051023770815049e-7
33.44 1.0458753195162716e-7
33.45 1.0407521517242635e-7
33.46 1.0356541429213566e-7
33.47 1.030581169205226e-7
33.480000000000004 1.025533107285836e-7
33.49 1.0205098344824028e-7
33.5 1.0155112287203721e-7
33.51 1.0105371685284121e-7
33.52 1.0055875330354193e-7
33.53 1.0006622019675427e-7
33.54 9.957610556452202e-8
33.55 9.908839749802302e-8
33.56 9.860308414727592e-8
33.57 9.812015372084834e-8
33.58 9.763959448556639e-8
33.59 9.716139476622564e-8
33.6 9.668554294530375e-8
33.61 9.621202746267431e-8
33.62 9.574083681532207e-8
33.63 9.527195955705986e-8
33.64 9.480538429824669e-8
33.65 9.434109970550725e-8
33.660000000000004 9.387909450145303e-8
33.67 9.34193574644045e-8
33.68 9.296187742811496e-8
33.69 9.250664328149566e-8
33.7 9.205364396834224e-8
33.71 9.160286848706259e-8
33.72 9.115430589040608e-8
33.730000000000004 9.0707945285194e-8
33.74 9.026377583205163e-8
33.75 8.982178674514138e-8
33.76 8.93819672918973e-8
33.77 8.894430679276106e-8
33.78 8.850879462091911e-8
33.79 8.807542020204121e-8
33.8 8.764417301402012e-8
33.81 8.721504258671292e-8
33.82 8.678801850168317e-8
33.83 8.636309039194475e-8
33.84 8.59402479417068e-8
33.85 8.55194808861198e-8
33.86 8.510077901102327e-8
33.87 8.468413215269436e-8
33.88 8.426953019759794e-8
33.89 8.385696308213776e-8
33.9 8.344642079240894e-8
33.910000000000004 8.303789336395178e-8
33.92 8.263137088150657e-8
33.93 8.222684347876983e-8
33.94 8.182430133815167e-8
33.95 8.142373469053439e-8
33.96 8.102513381503217e-8
33.97 8.062848903875215e-8
33.980000000000004 8.023379073655659e-8
33.99 7.98410293308262e-8
34.0 7.945019529122462e-8
34.01 7.906127913446422e-8
34.02 7.867427142407288e-8
34.03 7.828916277016211e-8
34.04 7.790594382919618e-8
34.05 7.752460530376245e-8
34.06 7.714513794234284e-8
34.07 7.676753253908648e-8
34.08 7.639177993358347e-8
34.09 7.601787101063968e-8
34.1 7.56457967000528e-8
34.11 7.527554797638943e-8
34.12 7.490711585876331e-8
34.13 7.45404914106146e-8
34.14 7.41756657394903e-8
34.15 7.381262999682587e-8
34.160000000000004 7.345137537772768e-8
34.17 7.30918931207568e-8
34.18 7.273417450771367e-8
34.19 7.237821086342401e-8
34.2 7.202399355552559e-8
34.21 7.167151399425635e-8
34.22 7.132076363224332e-8
34.230000000000004 7.097173396429265e-8
34.24 7.062441652718077e-8
34.25 7.027880289944647e-8
34.26 6.993488470118417e-8
34.27 6.959265359383801e-8
34.28 6.925210127999716e-8
34.29 6.891321950319206e-8
34.300000000000004 6.857600004769164e-8
34.31 6.824043473830162e-8
34.32 6.79065154401638e-8
34.33 6.757423405855628e-8
34.34 6.724358253869475e-8
34.35 6.691455286553476e-8
34.36 6.658713706357495e-8
34.37 6.626132719666119e-8
34.38 6.593711536779192e-8
34.39 6.561449371892412e-8
34.4 6.529345443078062e-8
34.410000000000004 6.497398972265805e-8
34.42 6.465609185223593e-8
34.43 6.433975311538666e-8
34.44 6.402496584598642e-8
34.45 6.371172241572703e-8
34.46 6.340001523392876e-8
34.47 6.308983674735413e-8
34.480000000000004 6.278117944002252e-8
34.49 6.247403583302574e-8
34.5 6.216839848434454e-8
34.51 6.186425998866603e-8
34.52 6.156161297720203e-8
34.53 6.126045011750824e-8
34.54 6.096076411330434e-8
34.550000000000004 6.066254770429513e-8
34.56 6.036579366599232e-8
34.57 6.007049480953737e-8
34.58 5.977664398152513e-8
34.59 5.9484234063828446e-8
34.6 5.9193257973423516e-8
34.61 5.8903708662216223e-8
34.62 5.861557911686926e-8
34.63 5.832886235863015e-8
34.64 5.804355144316011e-8
34.65 5.7759639460363806e-8
34.660000000000004 5.7477119534219796e-8
34.67 5.719598482261212e-8
34.68 5.691622851716241e-8
34.69 5.6637843843062983e-8
34.7 5.636082405891075e-8
34.71 5.608516245654201e-8
34.72 5.5810852360867913e-8
34.730000000000004 5.553788712971086e-8
34.74 5.5266260153641715e-8
34.75 5.4995964855817784e-8
34.76 5.472699469182159e-8
34.77 5.445934314950045e-8
34.78 5.419300374880696e-8
34.79 5.39279700416401e-8
34.800000000000004 5.3664235611687234e-8
34.81 5.3401794074266854e-8
34.82 5.314063907617218e-8
34.83 5.288076429551543e-8
34.84 5.262216344157289e-8
34.85 5.236483025463084e-8
34.86 5.210875850583215e-8
34.87 5.1853941997023675e-8
34.88 5.1600374560604394e-8
34.89 5.134805005937432e-8
34.9 5.1096962386384156e-8
34.910000000000004 5.0847105464785695e-8
34.92 5.059847324768295e-8
34.93 5.0351059717984064e-8
34.94 5.01048588882539e-8
34.95 4.985986480056738e-8
34.96 4.9616071526363616e-8
34.97 4.9373473166300635e-8
34.980000000000004 4.9132063850111e-8
34.99 4.889183773645796e-8
35.0 4.865278901279244e-8
35.01 4.8414911895210754e-8
35.02 4.817820062831288e-8
35.03 4.794264948506165e-8
35.04 4.770825276664242e-8
35.050000000000004 4.74750048023236e-8
35.06 4.7242899949317767e-8
35.07 4.7011932592643584e-8
35.08 4.6782097144988326e-8
35.09 4.655338804657104e-8
35.1 4.632579976500657e-8
35.11 4.6099326795169966e-8
35.12 4.587396365906189e-8
35.13 4.564970490567445e-8
35.14 4.5426545110857764e-8
35.15 4.520447887718728e-8
35.160000000000004 4.4983500833831615e-8
35.17 4.476360563642116e-8
35.18 4.454478796691728e-8
35.19 4.432704253348214e-8
35.2 4.411036407034929e-8
35.21 4.389474733769475e-8
35.22 4.368018712150879e-8
35.230000000000004 4.346667823346845e-8
35.24 4.325421551081047e-8
35.25 4.30427938162051e-8
35.26 4.2832408037630326e-8
35.27 4.262305308824686e-8
35.28 4.2414723906273704e-8
35.29 4.2207415454864315e-8
35.300000000000004 4.200112272198337e-8
35.31 4.179584072028419e-8
35.32 4.15915644869868e-8
35.33 4.138828908375647e-8
35.34 4.1186009596582995e-8
35.35 4.098472113566048e-8
35.36 4.078441883526776e-8
35.37 4.0585097853649436e-8
35.38 4.0386753372897434e-8
35.39 4.018938059883323e-8
35.4 3.999297476089058e-8
35.410000000000004 3.979753111199895e-8
35.42 3.9603044928467345e-8
35.43 3.940951150986889e-8
35.44 3.921692617892587e-8
35.45 3.902528428139543e-8
35.46 3.883458118595572e-8
35.47 3.864481228409276e-8
35.480000000000004 3.845597298998772e-8
35.49 3.826805874040485e-8
35.5 3.808106499457994e-8
35.51 3.7894987234109334e-8
35.52 3.770982096283947e-8
35.53 3.7525561706757036e-8
35.54 3.734220501387956e-8
35.550000000000004 3.715974645414665e-8
35.56 3.6978181619311756e-8
35.57 3.6797506122834367e-8
35.58 3.6617715599772915e-8
35.59 3.643880570667803e-8
35.6 3.626077212148647e-8
35.61 3.608361054341551e-8
35.62 3.59073166928578e-8
35.63 3.573188631127685e-8
35.64 3.555731516110303e-8
35.65 3.538359902562997e-8
35.660000000000004 3.5210733708911594e-8
35.67 3.5038715035659576e-8
35.68 3.486753885114142e-8
35.69 3.4697201021078915e-8
35.7 3.452769743154714e-8
35.71 3.4359023988874055e-8
35.72 3.419117661954043e-8
35.730000000000004 3.402415127008039e-8
35.74 3.385794390698244e-8
35.75 3.369255051659094e-8
35.76 3.352796710500807e-8
35.77 3.3364189697996326e-8
35.78 3.3201214340881484e-8
35.79 3.303903709845599e-8
35.800000000000004 3.2877654054882905e-8
35.81 3.271706131360028e-8
35.82 3.2557254997226043e-8
35.83 3.2398231247463284e-8
35.84 3.223998622500611e-8
35.85 3.2082516109445876e-8
35.86 3.1925817099177945e-8
35.87 3.1769885411308875e-8
35.88 3.1614717281564076e-8
35.89 3.146030896419593e-8
35.9 3.130665673189236e-8
35.910000000000004 3.115375687568582e-8
35.92 3.1001605704862846e-8
35.93 3.0850199546873894e-8
35.94 3.069953474724377e-8
35.95 3.054960766948242e-8
35.96 3.04004146949962e-8
35.97 3.02519522229995e-8
35.980000000000004 3.0104216670426993e-8
35.99 2.9957204471846116e-8
36.0 2.9810912079370124e-8
36.01 2.966533596257145e-8
36.02 2.9520472608395672e-8
36.03 2.937631852107571e-8
36.04 2.923287022204659e-8
36.050000000000004 2.9090124249860542e-8
36.06 2.8948077160102595e-8
36.07 2.8806725525306504e-8
36.08 2.8666065934871214e-8
36.09 2.852609499497759e-8
36.1 2.8386809328505675e-8
36.11 2.824820557495229e-8
36.12 2.811028039034909e-8
36.13 2.7973030447181007e-8
36.14 2.783645243430509e-8
36.15 2.7700543056869763e-8
36.160000000000004 2.756529903623445e-8
36.17 2.7430717109889613e-8
36.18 2.7296794031377257e-8
36.19 2.7163526570211683e-8
36.2 2.7030911511800763e-8
36.21 2.6898945657367564e-8
36.22 2.676762582387232e-8
36.230000000000004 2.6636948843934847e-8
36.24 2.6506911565757322e-8
36.25 2.6377510853047426e-8
36.26 2.6248743584941915e-8
36.27 2.61206066559305e-8
36.28 2.599309697578017e-8
36.29 2.5866211469459844e-8
36.300000000000004 2.5739947077065444e-8
36.31 2.561430075374526e-8
36.32 2.5489269469625788e-8
36.33 2.5364850209737846e-8
36.34 2.5241039973943106e-8
36.35 2.511783577686097e-8
36.36 2.4995234647795818e-8
36.37 2.4873233630664603e-8
36.38 2.4751829783924828e-8
36.39 2.463102018050284e-8
36.4 2.4510801907722543e-8
36.410000000000004 2.4391172067234383e-8
36.42 2.427212777494475e-8
36.43 2.41536661609457e-8
36.44 2.4035784369445032e-8
36.45 2.3918479558696708e-8
36.46 2.3801748900931622e-8
36.47 2.3685589582288716e-8
36.480000000000004 2.356999880274641e-8
36.49 2.345497377605442e-8
36.5 2.334051172966585e-8
36.51 2.3226609904669706e-8
36.52 2.3113265555723638e-8
36.53 2.3000475950987117e-8
36.54 2.2888238372054857e-8
36.550000000000004 2.2776550113890642e-8
36.56 2.2665408484761418e-8
36.57 2.2554810806171768e-8
36.58 2.2444754412798636e-8
36.59 2.233523665242646e-8
36.6 2.2226254885882578e-8
36.61 2.2117806486972934e-8
36.62 2.200988884241818e-8
36.63 2.190249935178999e-8
36.64 2.1795635427447777e-8
36.65 2.1689294494475677e-8
36.660000000000004 2.1583473990619865e-8
36.67 2.147817136622617e-8
36.68 2.1373384084177988e-8
36.69 2.126910961983454e-8
36.7 2.1165345460969397e-8
36.71 2.106208910770934e-8
36.72 2.0959338072473483e-8
36.730000000000004 2.0857089879912746e-8
36.74 2.0755342066849577e-8
36.75 2.0654092182218026e-8
36.76 2.055333778700407e-8
36.77 2.0453076454186255e-8
36.78 2.0353305768676618e-8
36.79 2.025402332726193e-8
36.800000000000004 2.015522673854521e-8
36.81 2.0056913622887506e-8
36.82 1.9959081612350015e-8
36.83 1.9861728350636444e-8
36.84 1.976485149303567e-8
36.85 1.966844870636472e-8
36.86 1.957251766891196e-8
36.87 1.9477056070380637e-8
36.88 1.938206161183265e-8
36.89 1.928753200563262e-8
36.9 1.919346497539225e-8
36.910000000000004 1.9099858255914938e-8
36.92 1.9006709593140644e-8
36.93 1.891401674409112e-8
36.94 1.882177747681529e-8
36.95 1.8729989570334977e-8
36.96 1.8638650814590897e-8
36.97 1.854775901038889e-8
36.980000000000004 1.8457311969346425e-8
36.99 1.8367307513839385e-8
37.0 1.827774347694909e-8
37.01 1.8188617702409617e-8
37.02 1.8099928044555356e-8
37.03 1.8011672368268817e-8
37.04 1.7923848548928718e-8
37.050000000000004 1.7836454472358333e-8
37.06 1.7749488034774057e-8
37.07 1.766294714273427e-8
37.08 1.757682971308844e-8
37.09 1.749113367292644e-8
37.1 1.74058569595282e-8
37.11 1.732099752031351e-8
37.12 1.7236553312792145e-8
37.13 1.7152522304514206e-8
37.14 1.706890247302071e-8
37.15 1.6985691805794412e-8
37.160000000000004 1.69028883002109e-8
37.17 1.6820489963489907e-8
37.18 1.673849481264687e-8
37.19 1.6656900874444733e-8
37.2 1.6575706185345994e-8
37.21 1.6494908791464976e-8
37.22 1.641450674852033e-8
37.230000000000004 1.633449812178778e-8
37.24 1.6254880986053127e-8
37.25 1.6175653425565444e-8
37.26 1.6096813533990532e-8
37.27 1.601835941436458e-8
37.28 1.594028917904808e-8
37.29 1.586260094967994e-8
37.300000000000004 1.5785292857131885e-8
37.31 1.5708363041463e-8
37.32 1.563180965187456e-8
37.33 1.555563084666506e-8
37.34 1.547982479318546e-8
37.35 1.5404389667794673e-8
37.36 1.532932365581526e-8
37.37 1.5254624951489337e-8
37.38 1.5180291757934707e-8
37.39 1.5106322287101245e-8
37.4 1.503271475972742e-8
37.410000000000004 1.4959467405297085e-8
37.42 1.48865784619965e-8
37.43 1.4814046176671504e-8
37.44 1.474186880478496e-8
37.45 1.4670044610374374e-8
37.46 1.4598571866009727e-8
37.47 1.4527448852751548e-8
37.480000000000004 1.4456673860109136e-8
37.49 1.4386245185999054e-8
37.5 1.4316161136703761e-8
37.51 1.4246420026830524e-8
37.52 1.4177020179270462e-8
37.53 1.4107959925157825e-8
37.54 1.4039237603829494e-8
37.550000000000004 1.3970851562784639e-8
37.56 1.3902800157644605e-8
37.57 1.383508175211299e-8
37.58 1.376769471793591e-8
37.59 1.370063743486248e-8
37.6 1.363390829060548e-8
37.61 1.3567505680802212e-8
37.62 1.3501428008975552e-8
37.63 1.3435673686495202e-8
37.64 1.3370241132539114e-8
37.65 1.3305128774055138e-8
37.660000000000004 1.3240335045722831e-8
37.67 1.3175858389915457e-8
37.68 1.3111697256662204e-8
37.69 1.3047850103610541e-8
37.7 1.2984315395988796e-8
37.71 1.2921091606568922e-8
37.72 1.2858177215629414e-8
37.730000000000004 1.2795570710918443e-8
37.74 1.2733270587617148e-8
37.75 1.2671275348303129e-8
37.76 1.2609583502914106e-8
37.77 1.2548193568711767e-8
37.78 1.2487104070245797e-8
37.79 1.2426313539318066e-8
37.800000000000004 1.236582051494702e-8
37.81 1.2305623543332227e-8
37.82 1.2245721177819102e-8
37.83 1.2186111978863828e-8
37.84 1.2126794513998415e-8
37.85 1.2067767357795968e-8
37.86 1.2009029091836081e-8
37.87 1.195057830467046e-8
37.88 1.1892413591788678e-8
37.89 1.1834533555584099e-8
37.9 1.177693680531997e-8
37.910000000000004 1.1719621957095725e-8
37.92 1.1662587633813376e-8
37.93 1.160583246514414e-8
37.94 1.1549355087495205e-8
37.95 1.1493154143976644e-8
37.96 1.143722828436853e-8
37.97 1.1381576165088177e-8
37.980000000000004 1.1326196449157565e-8
37.99 1.1271087806170917e-8
38.0 1.1216248912262444e-8
38.01 1.116167845007424e-8
38.02 1.1107375108724334e-8
38.03 1.1053337583774918e-8
38.04 1.0999564577200715e-8
38.050000000000004 1.0946054797357502e-8
38.06 1.0892806958950808e-8
38.07 1.0839819783004742e-8
38.08 1.0787091996830995e-8
38.09 1.0734622333997977e-8
38.1 1.0682409534300135e-8
38.11 1.0630452343727388e-8
38.12 1.0578749514434731e-8
38.13 1.0527299804712e-8
38.14 1.0476101978953756e-8
38.15 1.042515480762935e-8
38.160000000000004 1.0374457067253128e-8
38.17 1.032400754035476e-8
38.18 1.0273805015449741e-8
38.19 1.0223848287010042e-8
38.2 1.0174136155434873e-8
38.21 1.0124667427021624e-8
38.22 1.007544091393694e-8
38.230000000000004 1.0026455434187927e-8
38.24 9.977709811593522e-9
38.25 9.929202875755984e-9
38.26 9.880933462032532e-9
38.27 9.832900411507134e-9
38.28 9.785102570962428e-9
38.29 9.737538792851766e-9
38.300000000000004 9.69020793527143e-9
38.31 9.643108861932959e-9
38.32 9.59624044213562e-9
38.33 9.549601550739015e-9
38.34 9.503191068135825e-9
38.35 9.457007880224685e-9
38.36 9.4110508783832e-9
38.37 9.365318959441093e-9
38.38 9.319811025653484e-9
38.39 9.274525984674289e-9
38.4 9.22946274952977e-9
38.410000000000004 9.184620238592211e-9
38.42 9.139997375553718e-9
38.43 9.09559308940014e-9
38.44 9.051406314385162e-9
38.45 9.007435990004456e-9
38.46 8.963681060970021e-9
38.47 8.920140477184631e-9
38.480000000000004 8.876813193716384e-9
38.49 8.833698170773429e-9
38.5 8.790794373678754e-9
38.51 8.748100772845158e-9
38.52 8.705616343750311e-9
38.53 8.66334006691195e-9
38.54 8.621270927863199e-9
38.550000000000004 8.579407917127992e-9
38.56 8.53775003019665e-9
38.57 8.496296267501558e-9
38.58 8.45504563439296e-9
38.59 8.413997141114881e-9
38.6 8.373149802781173e-9
38.61 8.332502639351668e-9
38.62 8.292054675608452e-9
38.63 8.251804941132268e-9
38.64 8.211752470279015e-9
38.65 8.171896302156387e-9
38.660000000000004 8.132235480600602e-9
38.67 8.092769054153269e-9
38.68 8.053496076038353e-9
38.69 8.014415604139271e-9
38.7 7.97552670097608e-9
38.71 7.936828433682798e-9
38.72 7.898319873984817e-9
38.730000000000004 7.86000009817645e-9
38.74 7.821868187098576e-9
38.75 7.783923226116397e-9
38.76 7.746164305097302e-9
38.77 7.708590518388845e-9
38.78 7.67120096479684e-9
38.79 7.633994747563546e-9
38.800000000000004 7.596970974345972e-9
38.81 7.560128757194288e-9
38.82 7.523467212530346e-9
38.83 7.486985461126291e-9
38.84 7.450682628083308e-9
38.85 7.414557842810438e-9
38.86 7.378610239003534e-9
38.87 7.342838954624292e-9
38.88 7.307243131879402e-9
38.89 7.2718219171997964e-9
38.9 7.236574461220009e-9
38.910000000000004 7.201499918757631e-9
38.92 7.166597448792854e-9
38.93 7.131866214448142e-9
38.94 7.097305382967988e-9
38.95 7.062914125698767e-9
38.96 7.028691618068703e-9
38.97 6.99463703956792e-9
38.980000000000004 6.960749573728604e-9
38.99 6.927028408105257e-9
39.0 6.893472734255048e-9
39.01 6.860081747718262e-9
39.02 6.826854647998853e-9
39.03 6.793790638545086e-9
39.04 6.760888926730271e-9
39.050000000000004 6.728148723833597e-9
39.06 6.69556924502107e-9
39.07 6.6631497093265305e-9
39.08 6.630889339632773e-9
39.09 6.598787362652754e-9
39.1 6.56684300891091e-9
39.11 6.535055512724536e-9
39.12 6.5034241121852885e-9
39.13 6.471948049140764e-9
39.14 6.440626569176165e-9
39.15 6.409458921596069e-9
39.160000000000004 6.378444359406286e-9
39.17 6.347582139295791e-9
39.18 6.316871521618767e-9
39.19 6.286311770376723e-9
39.2 6.2559021532007e-9
39.21 6.225641941333578e-9
39.22 6.195530409612462e-9
39.230000000000004 6.165566836451151e-9
39.24 6.1357505038227004e-9
39.25 6.1060806972420685e-9
39.26 6.076556705748855e-9
39.27 6.047177821890113e-9
39.28 6.017943341703258e-9
39.29 5.9888525646990525e-9
39.300000000000004 5.959904793844681e-9
39.31 5.931099335546913e-9
39.32 5.902435499635331e-9
39.33 5.873912599345665e-9
39.34 5.845529951303199e-9
39.35 5.817286875506252e-9
39.36 5.789182695309753e-9
39.37 5.761216737408897e-9
39.38 5.733388331822868e-9
39.39 5.705696811878667e-9
39.4 5.6781415141949934e-9
39.410000000000004 5.650721778666228e-9
39.42 5.623436948446482e-9
39.43 5.596286369933732e-9
39.44 5.5692693927540334e-9
39.45 5.542385369745804e-9
39.46 5.515633656944201e-9
39.47 5.489013613565555e-9
39.480000000000004 5.462524601991909e-9
39.49 5.436165987755602e-9
39.5 5.409937139523953e-9
39.51 5.383837429084013e-9
39.52 5.357866231327392e-9
39.53 5.332022924235163e-9
39.54 5.3063068888628385e-9
39.550000000000004 5.2807175093254245e-9
39.56 5.255254172782548e-9
39.57 5.229916269423656e-9
39.58 5.204703192453294e-9
39.59 5.179614338076449e-9
39.6 5.1546491054839745e-9
39.61 5.129806896838079e-9
39.62 5.105087117257892e-9
39.63 5.080489174805105e-9
39.64 5.056012480469675e-9
39.65 5.0316564481556045e-9
39.660000000000004 5.007420494666794e-9
39.67 4.983304039692962e-9
39.68 4.959306505795631e-9
39.69 4.9354273183941854e-9
39.7 4.9116659057520144e-9
39.71 4.8880216989626965e-9
39.72 4.864494131936269e-9
39.730000000000004 4.841082641385569e-9
39.74 4.817786666812631e-9
39.75 4.794605650495159e-9
39.76 4.771539037473066e-9
39.77 4.748586275535076e-9
39.78 4.725746815205403e-9
39.79 4.703020109730479e-9
39.800000000000004 4.680405615065766e-9
39.81 4.657902789862622e-9
39.82 4.635511095455237e-9
39.83 4.613229995847634e-9
39.84 4.5910589577007315e-9
39.85 4.5689974503194764e-9
39.86 4.547044945640036e-9
39.87 4.525200918217052e-9
39.88 4.503464845210968e-9
39.89 4.481836206375413e-9
39.9 4.460314484044635e-9
39.910000000000004 4.4388991631210286e-9
39.92 4.417589731062696e-9
39.93 4.396385677871081e-9
39.94 4.375286496078668e-9
39.95 4.354291680736736e-9
39.96 4.333400729403177e-9
39.97 4.312613142130374e-9
39.980000000000004 4.291928421453142e-9
39.99 4.271346072376723e-9
40.0 4.250865602364848e-9
