# r  u(r)   [p 0d5/2, S = 23.1 MeV, V0 fitted, R = 4.540832122195969 fm]
0.01 7.4835456510671e-8
0.02 5.98683652085368e-7
0.03 2.0204452014976684e-6
0.04 4.788827313715116e-6
0.05 9.35223317914738e-6
0.06 1.615866274951873e-5
0.07 2.565561220054579e-5
0.08 3.828997343906204e-5
0.09 5.450793372514986e-5
0.1 7.475487543505886e-5
0.11 9.947527598488903e-5
0.12 0.00012911260793383136
0.13 0.00016410923928543436
0.14 0.00020490633400524656
0.15 0.00025194375277312695
0.16 0.0003056599539884745
0.17 0.0003664918950465923
0.18 0.00043487493390436565
0.19 0.0005112427309533981
0.2 0.0005960271512187096
0.21 0.0006896581669010582
0.22 0.000792563760280908
0.23 0.0009051698270020109
0.24 0.0010279000797525303
0.25 0.0011611759523615746
0.26 0.0013054165043289586
0.27 0.0014610383258059508
0.28 0.0016284554430447081
0.29 0.0018080792243340311
0.3 0.0020003182864390136
0.31 0.0022055784015620854
0.32 0.0024242624048428853
0.33 0.0026567701024143146
0.34 0.0029034981800320635
0.35000000000000003 0.003164840112294802
0.36 0.003441186072472166
0.37 0.0037329228429575675
0.38 0.004040433726362791
0.39 0.004364098457271219
0.4 0.004704293114666478
0.41000000000000003 0.005061390035053156
0.42 0.005435757726286193
0.43 0.005827760782125384
0.44 0.0062377597975314236
0.45 0.006666111284719704
0.46 0.007113167589988077
0.47000000000000003 0.007579276811334586
0.48 0.008064782716881155
0.49 0.008570024664119017
0.5 0.009095337519991621
0.51 0.009641051581830566
0.52 0.010207492499160073
0.53 0.010794981196385287
0.54 0.011403833796379652
0.55 0.012034361544986424
0.56 0.012686870736449286
0.5700000000000001 0.013361662639786843
0.58 0.01405903342612571
0.59 0.014779274097006736
0.6 0.0155226704136787
0.61 0.016289502827393793
0.62 0.017080046410718967
0.63 0.017894570789877072
0.64 0.018733340078131655
0.65 0.019596612810228987
0.66 0.020484641877910898
0.67 0.021397674466511654
0.68 0.022335951992652165
0.6900000000000001 0.023299710043044406
0.7000000000000001 0.024289178314419048
0.71 0.025304580554588826
0.72 0.02634613450466025
0.73 0.027414051842406004
0.74 0.028508538126810114
0.75 0.029629792743797945
0.76 0.03077800885316283
0.77 0.031953373336700945
0.78 0.033156066747565834
0.79 0.03438626326085398
0.8 0.03564413062543236
0.81 0.036929830117018926
0.8200000000000001 0.03824351649252675
0.8300000000000001 0.03958533794568223
0.84 0.040955436063927854
0.85 0.042353945786619385
0.86 0.04378099536452765
0.87 0.04523670632065442
0.88 0.04672119341237208
0.89 0.048234564594896265
0.9 0.04977692098610061
0.91 0.05134835683268255
0.92 0.05294895947768881
0.93 0.05457880932940905
0.9400000000000001 0.056237979831645975
0.9500000000000001 0.05792653743536997
0.96 0.05964454157176591
0.97 0.06139204462668004
0.98 0.0631690919164741
0.99 0.06497572166529396
1.0 0.0668119649837596
1.01 0.06867784584908329
1.02 0.07057338108662245
1.03 0.0724985803528733
1.04 0.07445344611991149
1.05 0.07643797366128537
1.06 0.07845215103936773
1.07 0.08049595909417089
1.08 0.08256937143363072
1.09 0.0846723544253641
1.1 0.08680486718990453
1.11 0.08896686159542042
1.12 0.0911582822539198
1.1300000000000001 0.09337906651894583
1.1400000000000001 0.09562914448476639
1.1500000000000001 0.09790843898706122
1.16 0.10021686560510976
1.17 0.1025543326654827
1.18 0.10492074124723973
1.19 0.10731598518863587
1.2 0.10973995109533861
1.21 0.11219251835015764
1.22 0.11467355912428888
1.23 0.11718293839007407
1.24 0.1197205139352772
1.25 0.1222861363788783
1.26 0.12487964918838541
1.27 0.12750088869866522
1.28 0.13014968413229164
1.29 0.13282585762141336
1.3 0.13552922423113867
1.31 0.1382595919844374
1.32 0.1410167618885589
1.33 0.14380052796296497
1.34 0.14661067726877547
1.35 0.14944698993972555
1.36 0.15230923921463202
1.37 0.15519719147136654
1.3800000000000001 0.1581106062623327
1.3900000000000001 0.1610492363514449
1.4000000000000001 0.16401282775260453
1.41 0.1670011197696709
1.42 0.17001384503792327
1.43 0.1730507295670088
1.44 0.1761114927853734
1.45 0.17919584758617013
1.46 0.18230350037464008
1.47 0.18543415111696115
1.48 0.18858749339055916
1.49 0.19176321443587482
1.5 0.1949609952095811
1.51 0.19818051043924492
1.52 0.20142142867942595
1.53 0.20468341236920573
1.54 0.20796611789114028
1.55 0.21126919563162821
1.56 0.214592290042687
1.57 0.2179350397051289
1.58 0.22129707739312843
1.59 0.22467803014017268
1.6 0.2280775193063856
1.61 0.23149516064721667
1.62 0.23493056438348497
1.6300000000000001 0.23838333527276784
1.6400000000000001 0.24185307268212555
1.6500000000000001 0.24533937066214961
1.6600000000000001 0.24884181802232555
1.67 0.2523599984076986
1.68 0.25589349037683057
1.69 0.25944186748103665
1.7 0.2630046983448906
1.71 0.26658154674798495
1.72 0.2701719717079351
1.73 0.27377552756461343
1.74 0.27739176406560057
1.75 0.2810202264528406
1.76 0.28466045555048625
1.77 0.2883119878539202
1.78 0.2919743556199381
1.79 0.2956470869580782
1.8 0.2993297059230839
1.81 0.3030217326084822
1.82 0.3067226832412647
1.83 0.31043207027765257
1.84 0.3141494024999317
1.85 0.3178741851143411
1.86 0.32160591984999654
1.87 0.32534410505883377
1.8800000000000001 0.3290882358165532
1.8900000000000001 0.3328378040245488
1.9000000000000001 0.33659229851280303
1.9100000000000001 0.34035120514372963
1.92 0.3441140069169458
1.93 0.34788018407495425
1.94 0.3516492142097172
1.95 0.3554205723701015
1.96 0.3591937311701768
1.97 0.36296816089834405
1.98 0.3667433296272775
1.99 0.37051870332465586
2.0 0.37429374596466514
2.0100000000000002 0.378067919640249
2.02 0.38184068467608695
2.0300000000000002 0.385611499742278
2.04 0.3893798219687069
2.05 0.3931451070600725
2.06 0.3969068094115526
2.07 0.40066438222508555
2.08 0.4044172776262428
2.09 0.4081649467816698
2.1 0.4119068400170719
2.11 0.4156424069357197
2.12 0.4193710965374511
2.13 0.42309235733814404
2.14 0.4268056374896353
2.15 0.4305103849000608
2.16 0.43420604735459056
2.17 0.43789207263653357
2.18 0.4415679086487861
2.19 0.44523300353559736
2.2 0.4488868058046256
2.21 0.4525287644492568
2.22 0.4561583290711617
2.23 0.45977495000305973
2.24 0.4633780784316661
2.25 0.4669671665207914
2.2600000000000002 0.4705416675345667
2.27 0.47410103596076564
2.2800000000000002 0.4776447276341941
2.29 0.4811721998601197
2.3000000000000003 0.4846829115377116
2.31 0.48817632328346017
2.32 0.49165189755454863
2.33 0.49510909877214504
2.34 0.4985473934445864
2.35 0.5019662502904227
2.36 0.5053651403612924
2.37 0.5087435371645965
2.38 0.5121009167859419
2.39 0.5154367580113222
2.4 0.5187505424490043
2.41 0.522041754651091
2.42 0.5253098822347255
2.43 0.5285544160029069
2.44 0.5317748500648856
2.45 0.5349706819561051
2.46 0.5381414127576577
2.47 0.5412865472152233
2.48 0.5444055938574561
2.49 0.5474980651137882
2.5 0.5505634774316163
2.5100000000000002 0.5536013513928385
2.52 0.5566112118297082
2.5300000000000002 0.5595925879399718
2.54 0.5625450134012552
2.5500000000000003 0.565468026484668
2.56 0.5683611701675901
2.57 0.571223992245607
2.58 0.5740560454435606
2.59 0.5768568875256808
2.6 0.5796260814047647
2.61 0.5823631952503694
2.62 0.5850678025959827
2.63 0.5877394824451403
2.64 0.5903778193764528
2.65 0.5929824036475103
2.66 0.5955528312976291
2.67 0.5980887042494075
2.68 0.6005896304090552
2.69 0.6030552237654636
2.7 0.6054851044879831
2.71 0.6078788990228712
2.72 0.6102362401883803
2.73 0.6125567672684494
2.74 0.6148401261049669
2.75 0.6170859691885705
2.7600000000000002 0.6192939557479519
2.77 0.6214637518376298
2.7800000000000002 0.6235950304241612
2.79 0.6256874714707574
2.8000000000000003 0.6277407620202696
2.81 0.6297545962765136
2.82 0.6317286756839007
2.83 0.6336627090053409
2.84 0.6355564123983897
2.85 0.637409509489602
2.86 0.6392217314470664
2.87 0.6409928170510848
2.88 0.6427225127629688
2.89 0.64441057279192
2.9 0.6460567591599673
2.91 0.6476608417649269
2.92 0.6492225984413588
2.93 0.6507418150194886
2.94 0.6522182853820672
2.95 0.6536518115191384
2.96 0.6550422035806882
2.97 0.6563892799271465
2.98 0.6576928671777154
2.99 0.6589528002564974
3.0 0.6601689224363964
3.0100000000000002 0.6613410853807676
3.02 0.6624691491827904
3.0300000000000002 0.6635529824025397
3.04 0.6645924621017324
3.0500000000000003 0.6655874738761254
3.06 0.6665379118855438
3.0700000000000003 0.6674436788815149
3.08 0.6683046862324901
3.09 0.6691208539466309
3.1 0.6698921106921422
3.11 0.6706183938151306
3.12 0.6712996493549724
3.13 0.6719358320571731
3.14 0.6725269053836987
3.15 0.6730728415207679
3.16 0.6735736213840856
3.17 0.6740292346215068
3.18 0.6744396796131151
3.19 0.6748049634687048
3.2 0.675125102022655
3.21 0.6754001198261843
3.22 0.6756300501369772
3.23 0.6758149349061735
3.24 0.6759548247627137
3.25 0.6760497789950319
3.2600000000000002 0.6760998655300933
3.27 0.6761051609097687
3.2800000000000002 0.6760657502645462
3.29 0.6759817272845751
3.3000000000000003 0.6758531941880411
3.31 0.6756802616868746
3.3200000000000003 0.6754630489497906
3.33 0.6752016835626649
3.34 0.6748963014862485
3.35 0.6745470470112247
3.36 0.6741540727106178
3.37 0.6737175393895551
3.38 0.6732376160323958
3.39 0.6727144797472336
3.4 0.6721483157077844
3.41 0.6715393170926721
3.42 0.670887685022125
3.43 0.6701936284920982
3.44 0.6694573643058371
3.45 0.6686791170029024
3.46 0.6678591187856706
3.47 0.6669976094433353
3.48 0.6660948362734261
3.49 0.6651510540008723
3.5 0.6641665246946316
3.5100000000000002 0.6631415176819125
3.52 0.6620763094600162
3.5300000000000002 0.6609711836058247
3.54 0.6598264306829686
3.5500000000000003 0.6586423481467009
3.56 0.6574192402465139
3.5700000000000003 0.656157417926529
3.58 0.6548571987236986
3.59 0.6535189066638509
3.6 0.6521428721556225
3.61 0.6507294318823121
3.62 0.649278928691699
3.63 0.6477917114838674
3.64 0.6462681350970794
3.65 0.6447085601917416
3.66 0.6431133531325107
3.67 0.6414828858685852
3.68 0.6398175358122312
3.69 0.6381176857155941
3.7 0.6363837235458414
3.71 0.6346160423586947
3.72 0.6328150401704006
3.73 0.6309811198281944
3.74 0.6291146888793137
3.75 0.627216159438617
3.7600000000000002 0.6252859480548655
3.77 0.623324475575725
3.7800000000000002 0.6213321670115498
3.79 0.619309451398007
3.8000000000000003 0.6172567616576038
3.81 0.6151745344601784
3.8200000000000003 0.6130632100824206
3.83 0.6109232322664818
3.84 0.6087550480777434
3.85 0.6065591077618054
3.86 0.6043358646007644
3.87 0.6020857747688441
3.88 0.5998092971874502
3.89 0.5975068933797141
3.9 0.5951790273245934
3.91 0.5928261653106025
3.92 0.5904487757892369
3.93 0.5880473292281658
3.94 0.5856222979642586
3.95 0.5831741560565191
3.96 0.580703379138996
3.97 0.5782104442737397
3.98 0.5756958298038783
3.99 0.5731600152068811
4.0 0.5706034809480811
4.01 0.5680267083345283
4.0200000000000005 0.5654301793692417
4.03 0.562814376605933
4.04 0.5601797830042701
4.05 0.5575268817857507
4.0600000000000005 0.5548561562902566
4.07 0.5521680898333547
4.08 0.5494631655644161
4.09 0.54674186632562
4.1 0.5440046745119087
4.11 0.5412520719319631
4.12 0.5384845396702618
4.13 0.5357025579502903
4.14 0.5329066059989652
4.15 0.5300971619123358
4.16 0.5272747025226256
4.17 0.5244397032666777
4.18 0.5215926380558592
4.19 0.5187339791474915
4.2 0.5158641970178582
4.21 0.5129837602368511
4.22 0.5100931353443092
4.23 0.5071927867281059
4.24 0.5042831765041069
4.25 0.5013647644071306
4.26 0.49843800776542924
4.2700000000000005 0.4955033614508819
4.28 0.4925612777687072
4.29 0.4896122063432696
4.3 0.48665659400598693
4.3100000000000005 0.48369488468538335
4.32 0.48072751929933166
4.33 0.4777549356495258
4.34 0.4747775683182225
4.3500000000000005 0.47179584856729
4.36 0.4688102042396002
4.37 0.4658210596627968
4.38 0.4628288355554737
4.39 0.459833948935791
4.4 0.45683681303255896
4.41 0.4538378371988163
4.42 0.4508374268279251
4.43 0.44783598327220747
4.44 0.44483390376414217
4.45 0.4418315813401411
4.46 0.4388294047669207
4.47 0.43582775847048527
4.48 0.43282702246773114
4.49 0.4298275723006849
4.5 0.42682977897338414
4.51 0.42383400889140543
4.5200000000000005 0.42084062380404613
4.53 0.4178499807491607
4.54 0.41486243200065476
4.55 0.4118783250186331
4.5600000000000005 0.40889800240220037
4.57 0.40592180184490795
4.58 0.4029500560928416
4.59 0.3999830929053403
4.6000000000000005 0.3970212350183354
4.61 0.39406480011029926
4.62 0.3911141007707868
4.63 0.38816944447155743
4.64 0.3852311335402566
4.65 0.38229946513664026
4.66 0.37937473123132
4.67 0.3764572185870074
4.68 0.3735472087422329
4.69 0.370644977997515
4.7 0.3677507974039512
4.71 0.3648649327542044
4.72 0.36198764457585286
4.73 0.35911918812707594
4.74 0.3562598133946393
4.75 0.35340976509415006
4.76 0.3505692826725448
4.7700000000000005 0.3477386003127751
4.78 0.3449179469406551
4.79 0.3421075462338307
4.8 0.3393076166328347
4.8100000000000005 0.33651837135418483
4.82 0.33374001840548706
4.83 0.33097276060249997
4.84 0.3282167955881209
4.8500000000000005 0.32547231585324815
4.86 0.32273950875947716
4.87 0.32001855656358663
4.88 0.31730963644376853
4.89 0.31461292052755807
4.9 0.31192857592141787
4.91 0.3092567647419287
4.92 0.30659764414854196
4.93 0.30395136637784653
4.94 0.30131807877930294
4.95 0.29869792385239763
4.96 0.2960910392851698
4.97 0.29349755799406396
4.98 0.2909176081650601
4.99 0.2883513132960341
5.0 0.2857987922403006
5.01 0.28326015925129167
5.0200000000000005 0.28073552402832314
5.03 0.2782249917634021
5.04 0.27572866318902794
5.05 0.27324663462694093
5.0600000000000005 0.2707789980377715
5.07 0.26832584107154456
5.08 0.2658872471189925
5.09 0.2634632953636323
5.1000000000000005 0.26105406083456106
5.11 0.25865961445992636
5.12 0.2562800231210264
5.13 0.2539153497069976
5.14 0.2515656531700461
5.15 0.24923098858118128
5.16 0.24691140718640905
5.17 0.24460695646334393
5.18 0.24231768017820038
5.19 0.24004361844312208
5.2 0.23778480777381164
5.21 0.2355412811474209
5.22 0.2333130680606658
5.23 0.23110019458812697
5.24 0.2289026834407022
5.25 0.22672055402417293
5.26 0.2245538224978526
5.2700000000000005 0.22240250183328103
5.28 0.2202666018729334
5.29 0.21814612938891045
5.3 0.2160410881415798
5.3100000000000005 0.21395147893813665
5.32 0.211877299691055
5.33 0.2098185454764004
5.34 0.20777520859197557
5.3500000000000005 0.2057472786152734
5.36 0.20373474246120885
5.37 0.20173758443960593
5.38 0.19975578631241456
5.39 0.19778932735063345
5.4 0.19583818439091613
5.41 0.19390233189183845
5.42 0.19198174198980558
5.43 0.1900763845545786
5.44 0.18818622724440076
5.45 0.18631123556070475
5.46 0.1844513729023832
5.47 0.18260660061960454
5.48 0.18077687806715872
5.49 0.17896216265731646
5.5 0.1771624099121872
5.51 0.1753775735155622
5.5200000000000005 0.17360760536422915
5.53 0.17185245561874504
5.54 0.17011207275365664
5.55 0.1683864036071566
5.5600000000000005 0.16667539343016446
5.57 0.16497898593482377
5.58 0.16329712334240531
5.59 0.16162974643060837
5.6000000000000005 0.1599767945802523
5.61 0.15833820582135083
5.62 0.15671391687856337
5.63 0.15510386321601632
5.64 0.15350797908149003
5.65 0.15192619754996597
5.66 0.15035845056653027
5.67 0.1488046689886295
5.68 0.14726478262767656
5.69 0.14573872029000254
5.7 0.14422640981715434
5.71 0.14272777812553447
5.72 0.1412427512453834
5.73 0.1397712543591029
5.74 0.13831321183892073
5.75 0.1368685472838963
5.76 0.13543718355626808
5.7700000000000005 0.1340190428171441
5.78 0.13261404656153655
5.79 0.1312221156527422
5.8 0.12984317035607107
5.8100000000000005 0.12847713037192562
5.82 0.127123914868233
5.83 0.125783442512234
5.84 0.12445563150163165
5.8500000000000005 0.12314039959510338
5.86 0.12183766414218053
5.87 0.12054734211249961
5.88 0.1192693501244299
5.89 0.11800360447308156
5.9 0.1167500211577
5.91 0.115508515908451
5.92 0.1142790042126022
5.93 0.11306140134010667
5.94 0.11185562236859393
5.95 0.11066158220777475
5.96 0.10947919562326534
5.97 0.10830837725983773
5.98 0.10714904166410194
5.99 0.10600110330662726
6.0 0.1048644766035085
6.01 0.10373907593738448
6.0200000000000005 0.1026248156779151
6.03 0.10152161020172441
6.04 0.10042937391181632
6.05 0.09934802125647002
6.0600000000000005 0.0982774667476224
6.07 0.09721762497874467
6.08 0.09616841064222029
6.09 0.09512973854623148
6.1000000000000005 0.09410152363116198
6.11 0.09308368098552304
6.12 0.09207612586141017
6.13 0.0910787736894982
6.140000000000001 0.09009154009358168
6.15 0.08911434090466862
6.16 0.08814709217463453
6.17 0.08718971018944438
6.18 0.08624211148194993
6.19 0.08530421284426952
6.2 0.08437593133975838
6.21 0.08345718431457594
6.22 0.0825478894088584
6.23 0.08164796456750305
6.24 0.08075732805057215
6.25 0.07987589844332327
6.26 0.07900359466587353
6.2700000000000005 0.07814033598250482
6.28 0.07728604201061683
6.29 0.07644063272933523
6.3 0.07560402848778204
6.3100000000000005 0.07477615001301473
6.32 0.07395691841764129
6.33 0.07314625520711797
6.34 0.07234408228673624
6.3500000000000005 0.07155032196830595
6.36 0.07076489697654106
6.37 0.06998773045515458
6.38 0.06921874597266904
6.390000000000001 0.06845786752794923
6.4 0.06770501955546301
6.41 0.06696012693027692
6.42 0.06622311497279228
6.43 0.06549390945322837
6.44 0.06477243659585814
6.45 0.06405862308300284
6.46 0.06335239605879112
6.47 0.06265368313268845
6.48 0.06196241238280257
6.49 0.0612785123589705
6.5 0.0606019120856325
6.51 0.05993254106449878
6.5200000000000005 0.05927032927701381
6.53 0.05861520718662392
6.54 0.057967105740853016
6.55 0.0573259563731917
6.5600000000000005 0.056691691004804805
6.57 0.05606424204606205
6.58 0.05544354239789701
6.59 0.05482952545299875
6.6000000000000005 0.05422212509684107
6.61 0.05362127570855387
6.62 0.05302691216164109
6.63 0.05243896982454971
6.640000000000001 0.05185738456109411
6.65 0.051282092730739984
6.66 0.0507130311887522
6.67 0.050150137286210414
6.68 0.04959334886989674
6.69 0.04904260428205917
6.7 0.04849784236005473
6.71 0.047959002435876086
6.72 0.04742602433556558
6.73 0.04689884837851982
6.74 0.046377415376688824
6.75 0.04586166663367302
6.76 0.045351543943721456
6.7700000000000005 0.044846989590634705
6.78 0.0443479463465757
6.79 0.04385435747079151
6.8 0.04336616670824943
6.8100000000000005 0.04288331828819029
6.82 0.04240575692260197
6.83 0.04193342780461619
6.84 0.04146627660683115
6.8500000000000005 0.04100424947956315
6.86 0.04054729304902966
6.87 0.04009535441546651
6.88 0.03964838115118198
6.890000000000001 0.039206321298550194
6.9 0.038769123367946225
6.91 0.03833673633562554
6.92 0.037909109641549955
6.93 0.037486193187162405
6.94 0.03706793733311297
6.95 0.036654292896938064
6.96 0.036245211150695206
6.97 0.035840643818555167
6.98 0.03544054307435375
6.99 0.035044861539105056
7.0 0.034653552278478154
7.01 0.034266568800239164
7.0200000000000005 0.03388386505166037
7.03 0.033505395416898294
7.04 0.03313111471434239
7.05 0.03276097819393607
7.0600000000000005 0.03239494153447171
7.07 0.032032960840861144
7.08 0.03167499264138328
7.09 0.03132099388491034
7.1000000000000005 0.03097092193811411
7.11 0.03062473458265374
7.12 0.03028239001234629
7.13 0.029943846830321596
7.140000000000001 0.029609064046162592
7.15 0.029278001073032373
7.16 0.028950617724789296
7.17 0.028626874213091243
7.18 0.028306731144490217
7.19 0.02799014951751839
7.2 0.027677090719766744
7.21 0.02736751652495726
7.22 0.027061389090009717
7.23 0.02675867095210412
7.24 0.02645932502573971
7.25 0.026163314599791418
7.26 0.02587060333456472
7.2700000000000005 0.02558115525884971
7.28 0.02529493476697538
7.29 0.025011906615864627
7.3 0.024732035922091056
7.3100000000000005 0.024455288158938243
7.32 0.02418162915346209
7.33 0.02391102508355713
7.34 0.02364344247502732
7.3500000000000005 0.023378848198662185
7.36 0.023117209467318642
7.37 0.022858493833009457
7.38 0.02260266918399863
7.390000000000001 0.022349703741904498
7.4 0.022099566058810933
7.41 0.02185222501438727
7.42 0.021607649813017455
7.43 0.02136580998093883
7.44 0.021126675363391103
7.45 0.02089021612177592
7.46 0.020656402730827455
7.47 0.020425205975794412
7.48 0.02019659694963396
7.49 0.01997054705021777
7.5 0.0197470279775507
7.51 0.01952601173100238
7.5200000000000005 0.01930747060655205
7.53 0.01909137719404697
7.54 0.018877704374474707
7.55 0.018666425317249536
7.5600000000000005 0.018457513477513343
7.57 0.018250942593451135
7.58 0.018046686683621565
7.59 0.017844720044302556
7.6000000000000005 0.017645017246852336
7.61 0.017447553135086103
7.62 0.017252302822668427
7.63 0.017059241690521653
7.640000000000001 0.016868345384250492
7.65 0.016679589811582907
7.66 0.016492951139827437
7.67 0.016308405793347223
7.68 0.01612593045105071
7.69 0.015945502043899263
7.7 0.01576709775243175
7.71 0.015590695004306265
7.72 0.015416271471859009
7.73 0.015243805069680478
7.74 0.01507327395220901
7.75 0.014904656511341792
7.76 0.014737931374063354
7.7700000000000005 0.01457307740009163
7.78 0.014410073679541663
7.79 0.014248899530606948
7.8 0.014089534497258489
7.8100000000000005 0.013931958346961594
7.82 0.013776151068410417
7.83 0.013622092869280292
7.84 0.013469764173997848
7.8500000000000005 0.013319145621528928
7.86 0.013170218063184311
7.87 0.013022962560443248
7.88 0.01287736038279476
7.890000000000001 0.012733393005596753
7.9 0.012591042107952862
7.91 0.01245028957060706
7.92 0.012311117473855972
7.930000000000001 0.012173508095478871
7.94 0.012037443908685332
7.95 0.011902907580080483
7.96 0.011769881967647847
7.97 0.0116383501187497
7.98 0.011508295268144871
7.99 0.011379700836024026
8.0 0.01125255042606225
8.01 0.011126827823489008
8.02 0.011002516993175279
8.03 0.01087960207773793
8.040000000000001 0.010758067395661158
8.05 0.010637897439435008
8.06 0.010519076873710847
8.07 0.010401590533473748
8.08 0.010285423422231656
8.09 0.010170560710221353
8.1 0.010056987732631025
8.11 0.009944689987839444
8.120000000000001 0.009833653135671618
8.13 0.009723862995670856
8.14 0.009615305545387151
8.15 0.009507966918681766
8.16 0.009401833404047977
8.17 0.009296891442947847
8.18 0.009193127628164951
8.19 0.009090528702172938
8.2 0.008989081555519857
8.21 0.008888773225228136
8.22 0.008789590893210113
8.23 0.008691521884699025
8.24 0.008594553666695339
8.25 0.00849867384642837
8.26 0.008403870169833004
8.27 0.00831013052004149
8.28 0.00821744291589018
8.290000000000001 0.008125795510441078
8.3 0.008035176589518163
8.31 0.007945574570258285
8.32 0.007856977999676627
8.33 0.007769375553246544
8.34 0.007682756033493728
8.35 0.007597108368604559
8.36 0.007512421611048551
8.370000000000001 0.007428684936214762
8.38 0.007345887641062105
8.39 0.007264019142783396
8.4 0.0071830689774830744
8.41 0.007103026798868448
8.42 0.007023882376954404
8.43 0.006945625596781423
8.44 0.006868246457146829
8.45 0.006791735069349135
8.46 0.006716081655945405
8.47 0.006641276549521499
8.48 0.00656731019147511
8.49 0.006494173130811466
8.5 0.006421856022951606
8.51 0.006350349628553129
8.52 0.006279644812343269
8.53 0.006209732541964236
8.540000000000001 0.00614060388683068
8.55 0.0060722500169992045
8.56 0.006004662202049777
8.57 0.005937831809978988
8.58 0.00587175030610499
8.59 0.005806409251984073
8.6 0.0057418003043387235
8.61 0.005677915213997078
8.620000000000001 0.005614745824843681
8.63 0.005552284072781426
8.64 0.00549052198470458
8.65 0.005429451677482798
8.66 0.005369065356956006
8.67 0.005309355316940068
8.68 0.005250313938243134
8.69 0.005191933687692557
8.700000000000001 0.0051342071171723
8.71 0.005077126862670696
8.72 0.0050206856433385036
8.73 0.0049648762605571444
8.74 0.004909691597016996
8.75 0.0048551246158056996
8.76 0.004801168359506332
8.77 0.00474781594930537
8.78 0.004695060584110367
8.790000000000001 0.004642895539677204
8.8 0.0045913141677468685
8.81 0.004540309895191625
8.82 0.004489876223170524
8.83 0.0044400067262941115
8.84 0.004390695051798303
8.85 0.00434193491872727
8.86 0.004293720117125305
8.870000000000001 0.004246044507237526
8.88 0.004198902018719377
8.89 0.0041522866498547905
8.9 0.004106192466782967
8.91 0.004060613602733646
8.92 0.004015544257270814
8.93 0.0039709786955447425
8.94 0.003926911247552275
8.950000000000001 0.003883336307405292
8.96 0.003840248332607246
8.97 0.0037976418433377074
8.98 0.003755511421744819
8.99 0.0037138517112455956
9.0 0.0036726574158339664
9.01 0.0036319232993965033
9.02 0.0035916441850357317
9.03 0.003551814954400965
9.040000000000001 0.0035124305470265725
9.05 0.0034734859596776005
9.06 0.003434976245702684
9.07 0.0033968965143941544
9.08 0.003359241930355282
9.09 0.0033220077128745676
9.1 0.0032851891353070147
9.11 0.0032487815244623105
9.120000000000001 0.00321278025999983
9.13 0.0031771807738304103
9.14 0.003141978549524804
9.15 0.0031071691217287524
9.16 0.0030727480755846047
9.17 0.0030387110461594087
9.18 0.0030050537178794145
9.19 0.0029717718239709104
9.200000000000001 0.0029388611459073293
9.21 0.002906317512862561
9.22 0.002874136801170392
9.23 0.0028423149337900256
9.24 0.002810847879777598
9.25 0.0027797316537636315
9.26 0.0027489623154363704
9.27 0.002718535969030921
9.28 0.002688448762824143
9.290000000000001 0.002658696888635225
9.3 0.0026292765813318826
9.31 0.0026001841183421193
9.32 0.002571415819171494
9.33 0.0025429680449258222
9.34 0.002514837197839263
9.35 0.0024870197208077343
9.36 0.002459512096927584
9.370000000000001 0.0024323108490394763
9.38 0.0024054125392774218
9.39 0.002378813768622909
9.4 0.002352511176464064
9.41 0.002326501440159805
9.42 0.002300781274608909
9.43 0.0022753474318239655
9.44 0.00225019670051014
9.450000000000001 0.002225325905648709
9.46 0.002200731908085306
9.47 0.0021764116041228295
9.48 0.00215236192511896
9.49 0.002128579837088239
9.5 0.0021050623403086476
9.51 0.002081806468932656
9.52 0.002058809290602668
9.53 0.002036067906070834
9.540000000000001 0.0020135794488231737
9.55 0.0019913410847079583
9.56 0.0019693500115683096
9.57 0.0019476034588789726
9.58 0.0019260986873872012
9.59 0.0019048329887577282
9.6 0.0018838036852217614
9.61 0.0018630081292299646
9.620000000000001 0.0018424437031093837
9.63 0.0018221078187242647
9.64 0.0018019979171407297
9.65 0.0017821114682952572
9.66 0.0017624459706669362
9.67 0.0017429989509534407
9.68 0.001723767963750687
9.69 0.001704750591236138
9.700000000000001 0.0016859444428557024
9.71 0.0016673471550141975
9.72 0.0016489563907693334
9.73 0.001630769839529176
9.74 0.0016127852167530522
9.75 0.0015950002636558568
9.76 0.0015774127469157274
9.77 0.0015600204583850429
9.78 0.0015428212148047111
9.790000000000001 0.0015258128575217104
9.8 0.0015089932522098445
9.81 0.0014923602885936768
9.82 0.0014759118801756109
9.83 0.0014596459639660713
9.84 0.0014435605002167647
9.85 0.0014276534721569729
9.86 0.001411922885732853
9.870000000000001 0.0013963667693497042
9.88 0.0013809831736171707
9.89 0.001365770171097348
9.9 0.0013507258560557598
9.91 0.0013358483442151665
9.92 0.0013211357725121868
9.93 0.0013065862988566844
9.94 0.0012921981018939011
9.950000000000001 0.0012779693807692997
9.96 0.0012638983548960835
9.97 0.0012499832637253674
9.98 0.0012362223665189705
9.99 0.0012226139421247925
10.0 0.0012091562887547554
10.01 0.001195847723765272
10.02 0.0011826865834402198
10.03 0.0011696712227763854
10.040000000000001 0.0011568000152713557
10.05 0.0011440713527138277
10.06 0.0011314836449763078
10.07 0.0011190353198101725
10.08 0.0011067248226430673
10.09 0.0010945506163786134
10.1 0.0010825111811983991
10.11 0.0010706050143662253
10.120000000000001 0.0010588306300345863
10.13 0.0010471865590533534
10.14 0.001035671348780641
10.15 0.0010242835628958263
10.16 0.0010130217812147043
10.17 0.0010018845995067457
10.18 0.0009908706293144394
10.19 0.0009799784977746954
10.200000000000001 0.0009692068474422814
10.21 0.0009585543361152719
10.22 0.0009480196366624888
10.23 0.0009376014368529073
10.24 0.0009272984391870054
10.25 0.0009171093607300371
10.26 0.0009070329329472045
10.27 0.0008970679015407097
10.28 0.0008872130262886613
10.290000000000001 0.0008774670808858189
10.3 0.0008678288527861518
10.31 0.0008582971430471913
10.32 0.0008488707661761566
10.33 0.0008395485499778342
10.34 0.0008303293354041905
10.35 0.0008212119764056979
10.36 0.0008121953397843538
10.370000000000001 0.0008032783050483755
10.38 0.0007944597642685489
10.39 0.0007857386219362155
10.4 0.0007771137948228741
10.41 0.0007685842118413846
10.42 0.0007601488139087518
10.43 0.0007518065538104694
10.44 0.0007435563960664139
10.450000000000001 0.0007353973167982605
10.46 0.0007273283035984121
10.47 0.0007193483554004198
10.48 0.0007114564823508786
10.49 0.0007036517056827814
10.5 0.0006959330575903155
10.51 0.000688299581105084
10.52 0.0006807503299737354
10.53 0.0006732843685369879
10.540000000000001 0.0006659007716100293
10.55 0.0006585986243642783
10.56 0.0006513770222104909
10.57 0.0006442350706831984
10.58 0.0006371718853264586
10.59 0.0006301865915809084
10.6 0.0006232783246721013
10.61 0.0006164462295001125
10.620000000000001 0.000609689460530405
10.63 0.0006030071816859318
10.64 0.0005963985662404685
10.65 0.0005898627967131583
10.66 0.0005833990647642551
10.67 0.0005770065710920546
10.68 0.0005706845253309945
10.69 0.0005644321459509151
10.700000000000001 0.0005582486601574646
10.71 0.0005521333037936368
10.72 0.000546085321242428
10.73 0.0005401039653305996
10.74 0.0005341884972335354
10.75 0.0005283381863811795
10.76 0.0005225523103650435
10.77 0.0005168301548462695
10.78 0.0005111710134647393
10.790000000000001 0.0005055741877492136
10.8 0.0005000389870284943
10.81 0.0004945647283435946
10.82 0.000489150736360907
10.83 0.00048379634328635755
10.84 0.0004785008887805345
10.85 0.0004732637198747808
10.86 0.000468084190888239
10.870000000000001 0.00046296166334583867
10.88 0.0004578955058972144
10.89 0.0004528850942365431
10.9 0.00044792981102329275
10.91 0.00044302904580386965
10.92 0.00043818219493415444
10.93 0.0004333886615029175
10.94 0.0004286478552561035
10.950000000000001 0.00042395919252197445
10.96 0.00041932209613710156
10.97 0.0004147359953731976
10.98 0.0004102003258647773
10.99 0.00040571452953763997
11.0 0.00040127805453816156
11.01 0.00039689035516338953
11.02 0.0003925508917919292
11.03 0.00038825913081561427
11.040000000000001 0.0003840145445719515
11.05 0.00037981661127733094
11.06 0.00037566481496099317
11.07 0.0003715586453997447
11.08 0.0003674975980534133
11.09 0.00036348117400103404
11.1 0.0003595088798777586
11.11 0.00035558022781247953
11.120000000000001 0.00035169473536615946
11.13 0.00034785192547086085
11.14 0.00034405132636946444
11.15 0.00034029247155607057
11.16 0.0003365748997170759
11.17 0.0003328981546729161
11.18 0.0003292617853204693
11.19 0.0003256653455761096
11.200000000000001 0.0003221083943194068
11.21 0.0003185904953374618
11.22 0.00031511121726987285
11.23 0.0003116701335543235
11.24 0.0003082668223727867
11.25 0.00030490086659833713
11.26 0.0003015718537425648
11.27 0.0002982793759035837
11.28 0.0002950230297146284
11.290000000000001 0.00029180241629323125
11.3 0.0002886171411909749
11.31 0.000285466814343812
11.32 0.0002823510500229468
11.33 0.0002792694667862721
11.34 0.0002762216874303545
11.35 0.00027320733894296254
11.36 0.00027022605245613084
11.370000000000001 0.0002672774631997549
11.38 0.0002643612104557092
11.39 0.0002614769375124848
11.4 0.00025862429162033806
11.41 0.0002558029239469464
11.42 0.0002530124895335646
11.43 0.00025025264725167605
11.44 0.0002475230597601335
11.450000000000001 0.0002448233934627831
11.46 0.00024215331846656762
11.47 0.0002395125085401011
11.48 0.00023690064107271237
11.49 0.00023431739703394964
11.5 0.0002317624609335424
11.51 0.00022923552078181478
11.52 0.00022673626805054544
11.53 0.00022426439763426894
11.540000000000001 0.00022181960781201342
11.55 0.0002194016002094696
11.56 0.00021701007976158632
11.57 0.00021464475467558832
11.58 0.00021230533639440973
11.59 0.00020999153956054075
11.6 0.00020770308198028112
11.61 0.00020543968458839668
11.620000000000001 0.000203201071413174
11.63 0.0002009869695418687
11.64 0.00019879710908654317
11.65 0.0001966312231502888
11.66 0.00019448904779382885
11.67 0.0001923703220024972
11.68 0.0001902747876535891
11.69 0.0001882021894840794
11.700000000000001 0.00018615227505870414
11.71 0.0001841247947384017
11.72 0.00018211950164910838
11.73 0.00018013615165090663
11.74 0.00017817450330751857
11.75 0.0001762343178561444
11.76 0.00017431535917763905
11.77 0.0001724173937670248
11.78 0.00017054019070433552
11.790000000000001 0.00016868352162578866
11.8 0.00016684716069528173
11.81 0.00016503088457620887
11.82 0.00016323447240359465
11.83 0.00016145770575654104
11.84 0.00015970036863098387
11.85 0.0001579622474127558
11.86 0.00015624313085095204
11.870000000000001 0.00015454281003159497
11.88 0.00015286107835159514
11.89 0.00015119773149300448
11.9 0.00014955256739755896
11.91 0.00014792538624150707
11.92 0.00014631599041072096
11.93 0.00014472418447608742
11.94 0.0001431497751691746
11.950000000000001 0.00014159257135817267
11.96 0.0001400523840241039
11.97 0.00013852902623730028
11.98 0.0001370223131341449
11.99 0.00013553206189407453
12.0 0.00013405809171684007
12.01 0.00013260022380002246
12.02 0.00013115828131680054
12.030000000000001 0.0001297320893939685
12.040000000000001 0.00012832147509019993
12.05 0.00012692626737455557
12.06 0.0001255462971052321
12.07 0.0001241813970085493
12.08 0.00012283140165817295
12.09 0.00012149614745457015
12.1 0.00012017547260469578
12.11 0.00011886921710190594
12.120000000000001 0.00011757722270609681
12.13 0.00011629933292406613
12.14 0.00011503539299009463
12.15 0.00011378524984674514
12.16 0.00011254875212587678
12.17 0.00011132575012987184
12.18 0.00011011609581307286
12.19 0.00010891964276342775
12.200000000000001 0.00010773624618434038
12.21 0.00010656576287672447
12.22 0.00010540805122125833
12.23 0.00010426297116083837
12.24 0.00010313038418322883
12.25 0.00010201015330390606
12.26 0.00010090214304909449
12.27 9.980621943899253e-5
12.280000000000001 9.872224997118632e-5
12.290000000000001 9.765010360424891e-5
12.3 9.65896507415229e-5
12.31 9.554076321508466e-5
12.32 9.450331426988778e-5
12.33 9.347717854808377e-5
12.34 9.246223207351844e-5
12.35 9.145835223640126e-5
12.36 9.046541777814646e-5
12.370000000000001 8.948330877638338e-5
12.38 8.851190663013432e-5
12.39 8.75510940451585e-5
12.4 8.66007550194593e-5
12.41 8.56607748289537e-5
12.42 8.473104001330194e-5
12.43 8.381143836189537e-5
12.44 8.29018589000008e-5
12.450000000000001 8.200219187505986e-5
12.46 8.111232874314109e-5
12.47 8.023216215554366e-5
12.48 7.936158594555045e-5
12.49 7.850049511532913e-5
12.5 7.764878582297952e-5
12.51 7.68063553697256e-5
12.52 7.597310218725036e-5
12.530000000000001 7.514892582517224e-5
12.540000000000001 7.433372693866105e-5
12.55 7.352740727619243e-5
12.56 7.272986966743858e-5
12.57 7.194101801129453e-5
12.58 7.116075726403768e-5
12.59 7.038899342761959e-5
12.6 6.962563353808821e-5
12.61 6.887058565413953e-5
12.620000000000001 6.812375884579653e-5
12.63 6.738506318321472e-5
12.64 6.665440972561229e-5
12.65 6.593171051032384e-5
12.66 6.521687854197592e-5
12.67 6.450982778178344e-5
12.68 6.381047313696536e-5
12.69 6.311873045027817e-5
12.700000000000001 6.24345164896663e-5
12.71 6.175774893802752e-5
12.72 6.108834638309274e-5
12.73 6.042622830741818e-5
12.74 5.977131507848931e-5
12.75 5.9123527938934895e-5
12.76 5.8482788996850066e-5
12.77 5.7849021216227195e-5
12.780000000000001 5.722214840749323e-5
12.790000000000001 5.660209521815248e-5
12.8 5.598878712353354e-5
12.81 5.538215041763928e-5
12.82 5.4782112204098624e-5
12.83 5.418860038721908e-5
12.84 5.36015436631388e-5
12.85 5.3020871511077224e-5
12.86 5.244651418468295e-5
12.870000000000001 5.187840270347787e-5
12.88 5.131646884439667e-5
12.89 5.076064513342025e-5
12.9 5.02108648373023e-5
12.91 4.9667061955387866e-5
12.92 4.912917121152295e-5
12.93 4.859712804605402e-5
12.94 4.807086860791656e-5
12.950000000000001 4.755032974681147e-5
12.96 4.703544900546856e-5
12.97 4.6526164611995945e-5
12.98 4.6022415472314587e-5
12.99 4.5524141162676823e-5
13.0 4.503128192226807e-5
13.01 4.454377864589082e-5
13.02 4.406157287672972e-5
13.030000000000001 4.358460679919733e-5
13.040000000000001 4.311282323185909e-5
13.05 4.264616562043704e-5
13.06 4.218457803089118e-5
13.07 4.1728005142577734e-5
13.08 4.127639224148333e-5
13.09 4.082968521353432e-5
13.1 4.038783053798042e-5
13.11 3.99507752808518e-5
13.120000000000001 3.95184670884888e-5
13.13 3.90908541811435e-5
13.14 3.8667885346652274e-5
13.15 3.8249509934178555e-5
13.16 3.783567784802507e-5
13.17 3.742633954151481e-5
13.18 3.7021446010939725e-5
13.19 3.662094878957674e-5
13.200000000000001 3.622479994177004e-5
13.21 3.583295205707901e-5
13.22 3.544535824449114e-5
13.23 3.5061972126699054e-5
13.24 3.468274783444108e-5
13.25 3.430764000090448e-5
13.26 3.393660375619084e-5
13.27 3.356959472184273e-5
13.280000000000001 3.3206569005431165e-5
13.290000000000001 3.284748319520289e-5
13.3 3.249229435478717e-5
13.31 3.214096001796114e-5
13.32 3.179343818347321e-5
13.33 3.144968730992385e-5
13.34 3.110966631070305e-5
13.35 3.0773334548983865e-5
13.36 3.044065183277153e-5
13.370000000000001 3.0111578410007313e-5
13.38 2.9786074963726628e-5
13.39 2.9464102607270805e-5
13.4 2.914562287955187e-5
13.41 2.8830597740369737e-5
13.42 2.8518989565781338e-5
13.43 2.8210761143520935e-5
13.44 2.7905875668471177e-5
13.450000000000001 2.7604296738184302e-5
13.46 2.7305988348452915e-5
13.47 2.7010914888929742e-5
13.48 2.6719041138795966e-5
13.49 2.64303322624774e-5
13.5 2.6144753805408114e-5
13.51 2.586227168984095e-5
13.52 2.5582852210704342e-5
13.530000000000001 2.5306462031505033e-5
13.540000000000001 2.5033068180276057e-5
13.55 2.4762638045569573e-5
13.56 2.4495139372494057e-5
13.57 2.4230540258795258e-5
13.58 2.3968809150980527e-5
13.59 2.3709914840485996e-5
13.6 2.3453826459886137e-5
13.61 2.3200513479145235e-5
13.620000000000001 2.2949945701910303e-5
13.63 2.270209326184497e-5
13.64 2.245692661900388e-5
13.65 2.221441655624721e-5
13.66 2.1974534175694743e-5
13.67 2.173725089521921e-5
13.68 2.1502538444978303e-5
13.69 2.1270368863985053e-5
13.700000000000001 2.1040714496716087e-5
13.71 2.081354798975737e-5
13.72 2.058884228848697e-5
13.73 2.0366570633794487e-5
13.74 2.0146706558836714e-5
13.75 1.9929223885829115e-5
13.76 1.971409672287277e-5
13.77 1.9501299460816315e-5
13.780000000000001 1.9290806770152535e-5
13.790000000000001 1.9082593597949255e-5
13.8 1.887663516481411e-5
13.81 1.8672906961892755e-5
13.82 1.8471384747900314e-5
13.83 1.8272044546185507e-5
13.84 1.8074862641827206e-5
13.85 1.787981557876307e-5
13.86 1.7686880156949795e-5
13.870000000000001 1.749603342955474e-5
13.88 1.7307252700178557e-5
13.89 1.7120515520108422e-5
13.9 1.6935799685601568e-5
13.91 1.6753083235198814e-5
13.92 1.6572344447067707e-5
13.93 1.6393561836374967e-5
13.94 1.6216714152687896e-5
13.950000000000001 1.6041780377404462e-5
13.96 1.5868739721211725e-5
13.97 1.569757162157226e-5
13.98 1.5528255740238314e-5
13.99 1.5360771960793356e-5
14.0 1.5195100386220723e-5
14.01 1.5031221336499093e-5
14.02 1.4869115346224421e-5
14.030000000000001 1.470876316225811e-5
14.040000000000001 1.4550145741401101e-5
14.05 1.4393244248093555e-5
14.06 1.423804005213993e-5
14.07 1.40845147264591e-5
14.08 1.3932650044859254e-5
14.09 1.378242797983732e-5
14.1 1.3633830700402615e-5
14.11 1.3486840569924491e-5
14.120000000000001 1.3341440144003648e-5
14.13 1.3197612168366924e-5
14.14 1.3055339576785246e-5
14.15 1.2914605489014525e-5
14.16 1.2775393208759214e-5
14.17 1.2637686221658278e-5
14.18 1.2501468193293345e-5
14.19 1.236672296721879e-5
14.200000000000001 1.223343456301349e-5
14.21 1.2101587174354032e-5
14.22 1.1971165167109113e-5
14.23 1.1842153077454939e-5
14.24 1.1714535610011323e-5
14.25 1.1588297635998331e-5
14.26 1.1463424191413183e-5
14.27 1.133990047522722e-5
14.280000000000001 1.1217711847602719e-5
14.290000000000001 1.1096843828129294e-5
14.3 1.0977282094079734e-5
14.31 1.0859012478684995e-5
14.32 1.074202096942817e-5
14.33 1.0626293706357232e-5
14.34 1.0511816980416325e-5
14.35 1.0398577231795399e-5
14.36 1.0286561048297992e-5
14.370000000000001 1.0175755163726961e-5
14.38 1.0066146456287971e-5
14.39 9.957721947010496e-6
14.4 9.850468798186218e-6
14.41 9.744374311824571e-6
14.42 9.639425928125267e-6
14.43 9.5356112239676e-6
14.44 9.432917911416342e-6
14.450000000000001 9.331333836244099e-6
14.46 9.230846976469847e-6
14.47 9.131445440913567e-6
14.48 9.033117467766737e-6
14.49 8.935851423178534e-6
14.5 8.839635799857567e-6
14.51 8.744459215688971e-6
14.52 8.650310412366682e-6
14.530000000000001 8.557178254040746e-6
14.540000000000001 8.465051725979458e-6
14.55 8.373919933246224e-6
14.56 8.283772099390931e-6
14.57 8.194597565155686e-6
14.58 8.106385787194774e-6
14.59 8.019126336808662e-6
14.6 7.932808898691901e-6
14.61 7.847423269694772e-6
14.620000000000001 7.762959357598524e-6
14.63 7.679407179904054e-6
14.64 7.596756862633886e-6
14.65 7.5149986391472845e-6
14.66 7.434122848968387e-6
14.67 7.3541199366271745e-6
14.68 7.274980450513179e-6
14.69 7.196695041741751e-6
14.700000000000001 7.119254463032774e-6
14.71 7.042649567601674e-6
14.72 6.966871308062597e-6
14.73 6.891910735343614e-6
14.74 6.81775899761382e-6
14.75 6.744407339222214e-6
14.76 6.671847099648193e-6
14.77 6.6000697124635785e-6
14.780000000000001 6.529066704306001e-6
14.790000000000001 6.4588296938635526e-6
14.8 6.389350390870576e-6
14.81 6.320620595114455e-6
14.82 6.252632195453287e-6
14.83 6.185377168844338e-6
14.84 6.118847579383127e-6
14.85 6.053035577353068e-6
14.86 5.9879333982854985e-6
14.870000000000001 5.9235333620300305e-6
14.88 5.859827871835076e-6
14.89 5.796809413438456e-6
14.9 5.734470554167961e-6
14.91 5.672803942051785e-6
14.92 5.611802304938684e-6
14.93 5.551458449627784e-6
14.94 5.491765261007923e-6
14.950000000000001 5.432715701206417e-6
14.96 5.374302808747135e-6
14.97 5.316519697717821e-6
14.98 5.259359556946519e-6
14.99 5.202815649187014e-6
15.0 5.146881310313201e-6
15.01 5.091549948522274e-6
15.02 5.036815043546635e-6
15.030000000000001 4.982670145874424e-6
15.040000000000001 4.929108875978601e-6
15.05 4.876124923554449e-6
15.06 4.823712046765434e-6
15.07 4.771864071497311e-6
15.08 4.720574890620403e-6
15.09 4.669838463259943e-6
15.1 4.619648814074409e-6
15.11 4.5700000325417584e-6
15.120000000000001 4.520886272253456e-6
15.13 4.472301750216247e-6
15.14 4.424240746161551e-6
15.15 4.376697601862433e-6
15.16 4.329666720458019e-6
15.17 4.283142565785324e-6
15.18 4.237119661718374e-6
15.19 4.191592591514572e-6
15.200000000000001 4.146555997168191e-6
15.21 4.102004578770959e-6
15.22 4.057933093879626e-6
15.23 4.014336356890445e-6
15.24 3.971209238420494e-6
15.25 3.928546664695769e-6
15.26 3.886343616945955e-6
15.27 3.844595130805824e-6
15.280000000000001 3.803296295723175e-6
15.290000000000001 3.762442254373239e-6
15.3 3.7220282020794946e-6
15.31 3.682049386240805e-6
15.32 3.642501105764823e-6
15.33 3.6033787105075846e-6
15.34 3.5646776007192275e-6
15.35 3.5263932264957684e-6
15.36 3.488521087236864e-6
15.370000000000001 3.4510567311095054e-6
15.38 3.413995754517567e-6
15.39 3.3773338015771513e-6
15.4 3.3410665635976648e-6
15.41 3.3051897785685634e-6
15.42 3.2696992306517035e-6
15.43 3.2345907496792397e-6
15.44 3.199860210657e-6
15.450000000000001 3.1655035332733e-6
15.46 3.1315166814130982e-6
15.47 3.0978956626774796e-6
15.48 3.0646365279083695e-6
15.49 3.0317353707184477e-6
15.5 2.9991883270261917e-6
15.51 2.966991574595991e-6
15.52 2.935141332583291e-6
15.530000000000001 2.9036338610846973e-6
15.540000000000001 2.8724654606929865e-6
15.55 2.841632472056987e-6
15.56 2.811131275446251e-6
15.57 2.780958290320483e-6
15.58 2.7511099749036713e-6
15.59 2.7215828257628563e-6
15.6 2.6923733773915064e-6
15.610000000000001 2.6634782017974337e-6
15.620000000000001 2.6348939080952072e-6
15.63 2.606617142103016e-6
15.64 2.578644585943927e-6
15.65 2.5509729576514923e-6
15.66 2.523599010779661e-6
15.67 2.4965195340169488e-6
15.68 2.4697313508048073e-6
15.69 2.44323131896017e-6
15.700000000000001 2.4170163303020986e-6
15.71 2.3910833102825135e-6
15.72 2.365429217620945e-6
15.73 2.3400510439432705e-6
15.74 2.3149458134243895e-6
15.75 2.2901105824347942e-6
15.76 2.2655424391909946e-6
15.77 2.2412385034097563e-6
15.780000000000001 2.2171959259661055e-6
15.790000000000001 2.193411888555062e-6
15.8 2.1698836033570596e-6
15.81 2.1466083127070175e-6
15.82 2.123583288767012e-6
15.83 2.100805833202523e-6
15.84 2.0782732768622013e-6
15.85 2.0559829794611337e-6
15.860000000000001 2.0339323292675527e-6
15.870000000000001 2.0121187427929658e-6
15.88 1.990539664485656e-6
15.89 1.9691925664275255e-6
15.9 1.948074948034243e-6
15.91 1.9271843357586514e-6
15.92 1.9065182827974177e-6
15.93 1.886074368800868e-6
15.94 1.8658501995859864e-6
15.950000000000001 1.8458434068525449e-6
15.96 1.826051647902318e-6
15.97 1.8064726053613591e-6
15.98 1.7871039869053036e-6
15.99 1.7679435249876577e-6
16.0 1.7489889765710515e-6
16.01 1.730238122861416e-6
16.02 1.7116887690450542e-6
16.03 1.6933387440285773e-6
16.04 1.6751859001816678e-6
16.05 1.65722811308265e-6
16.06 1.6394632812668237e-6
16.07 1.6218893259775402e-6
16.080000000000002 1.6045041909199902e-6
16.09 1.5873058420176668e-6
16.1 1.5702922671714831e-6
16.11 1.5534614760215107e-6
16.12 1.5368114997113092e-6
16.13 1.5203403906548243e-6
16.14 1.5040462223058192e-6
16.15 1.4879270889298154e-6
16.16 1.4719811053785164e-6
16.17 1.4562064068666842e-6
16.18 1.4406011487514463e-6
16.19 1.425163506313999e-6
16.2 1.4098916745436902e-6
16.21 1.3947838679244484e-6
16.22 1.3798383202235356e-6
16.23 1.365053284282598e-6
16.240000000000002 1.3504270318109882e-6
16.25 1.3359578531813393e-6
16.26 1.3216440572273572e-6
16.27 1.3074839710438155e-6
16.28 1.293475939788723e-6
16.29 1.279618326487646e-6
16.3 1.2659095118401518e-6
16.31 1.2523478940283664e-6
16.32 1.2389318885276043e-6
16.330000000000002 1.2256599279190627e-6
16.34 1.2125304617045509e-6
16.35 1.1995419561232321e-6
16.36 1.1866928939703605e-6
16.37 1.173981774417985e-6
16.38 1.1614071128376063e-6
16.39 1.1489674406247562e-6
16.4 1.1366613050254876e-6
16.41 1.12448726896475e-6
16.42 1.1124439108766274e-6
16.43 1.1005298245364233e-6
16.44 1.0887436188945696e-6
16.45 1.0770839179123413e-6
16.46 1.0655493603993546e-6
16.47 1.0541385998528312e-6
16.48 1.04285030429861e-6
16.490000000000002 1.0316831561338849e-6
16.5 1.0206358519716513e-6
16.51 1.0097071024868423e-6
16.52 9.98895632264137e-7
16.53 9.882001796474201e-7
16.54 9.776194965908798e-7
16.55 9.671523485117193e-7
16.56 9.567975141444703e-7
16.57 9.465537853968885e-7
16.580000000000002 9.364199672074134e-7
16.59 9.263948774041755e-7
16.6 9.164773465655353e-7
16.61 9.066662178821376e-7
16.62 8.969603470204607e-7
16.63 8.873586019878506e-7
16.64 8.778598629990172e-7
16.65 8.684630223439821e-7
16.66 8.591669842574592e-7
16.67 8.499706647896528e-7
16.68 8.408729916784592e-7
16.69 8.318729042230545e-7
16.7 8.229693531588541e-7
16.71 8.14161300533831e-7
16.72 8.05447719586175e-7
16.73 7.968275946232804e-7
16.740000000000002 7.882999209020456e-7
16.75 7.798637045104735e-7
16.76 7.715179622505551e-7
16.77 7.632617215224246e-7
16.78 7.550940202097714e-7
16.79 7.470139065664956e-7
16.8 7.390204391045922e-7
16.81 7.311126864832525e-7
16.82 7.232897273991682e-7
16.830000000000002 7.155506504780255e-7
16.84 7.078945541671761e-7
16.85 7.00320546629473e-7
16.86 6.928277456382565e-7
16.87 6.854152784734805e-7
16.88 6.780822818189648e-7
16.89 6.708279016607612e-7
16.9 6.636512931866221e-7
16.91 6.5655162068656e-7
16.92 6.495280574544843e-7
16.93 6.425797856909053e-7
16.94 6.357059964066927e-7
16.95 6.289058893278777e-7
16.96 6.221786728014871e-7
16.97 6.155235637023988e-7
16.98 6.089397873412061e-7
16.990000000000002 6.024265773730816e-7
17.0 5.959831757076291e-7
17.01 5.896088324197114e-7
17.02 5.833028056612468e-7
17.03 5.770643615739587e-7
17.04 5.708927742030743e-7
17.05 5.647873254119553e-7
17.06 5.587473047976558e-7
17.07 5.527720096073944e-7
17.080000000000002 5.468607446559317e-7
17.09 5.410128222438433e-7
17.1 5.352275620766782e-7
17.11 5.295042911849923e-7
17.12 5.238423438452497e-7
17.13 5.1824106150158e-7
17.14 5.126997926883842e-7
17.150000000000002 5.07217892953777e-7
17.16 5.017947247838608e-7
17.17 4.964296575278183e-7
17.18 4.911220673238177e-7
17.19 4.858713370257193e-7
17.2 4.80676856130577e-7
17.21 4.7553802070692406e-7
17.22 4.704542333238363e-7
17.23 4.654249029807629e-7
17.240000000000002 4.6044944503811746e-7
17.25 4.5552728114862055e-7
17.26 4.506578391893855e-7
17.27 4.4584055319474025e-7
17.28 4.410748632897756e-7
17.29 4.363602156246137e-7
17.3 4.3169606230938756e-7
17.31 4.270818613499253e-7
17.32 4.2251707658412936e-7
17.330000000000002 4.1800117761904635e-7
17.34 4.1353363976861595e-7
17.35 4.091139439920955e-7
17.36 4.047415768331495e-7
17.37 4.0041603035959967e-7
17.38 3.961368021038265e-7
17.39 3.919033950038156e-7
17.400000000000002 3.8771531734484277e-7
17.41 3.8357208270178916e-7
17.42 3.7947320988208173e-7
17.43 3.7541822286925043e-7
17.44 3.714066507670963e-7
17.45 3.6743802774446393e-7
17.46 3.635118929806109e-7
17.47 3.59627790611169e-7
17.48 3.557852696746895e-7
17.490000000000002 3.519838840597668e-7
17.5 3.4822319245273484e-7
17.51 3.445027582859279e-7
17.52 3.4082214968650265e-7
17.53 3.371809394258124e-7
17.54 3.3357870486933004e-7
17.55 3.3001502792711165e-7
17.56 3.26489495004797e-7
17.57 3.230016969551385e-7
17.580000000000002 3.1955122903005605e-7
17.59 3.16137690833209e-7
17.6 3.127606862730815e-7
17.61 3.094198235165756e-7
17.62 3.0611471494310515e-7
17.63 3.0284497709918727e-7
17.64 2.9961023065352367e-7
17.650000000000002 2.964101003525684e-7
17.66 2.932442149765754e-7
17.67 2.901122072961221e-7
17.68 2.870137140291017e-7
17.69 2.83948375798182e-7
17.7 2.8091583708872235e-7
17.71 2.779157462071469e-7
17.72 2.7494775523976704e-7
17.73 2.720115200120494e-7
17.740000000000002 2.691067000483233e-7
17.75 2.662329585319249e-7
17.76 2.6338996226577067e-7
17.77 2.605773816333583e-7
17.78 2.5779489056018787e-7
17.79 2.550421664756009e-7
17.8 2.523188902750312e-7
17.81 2.496247462826634e-7
17.82 2.469594222144959e-7
17.830000000000002 2.4432260914180183e-7
17.84 2.4171400145498536e-7
17.85 2.391332968278286e-7
17.86 2.365801961821244e-7
17.87 2.3405440365269153e-7
17.88 2.3155562655276722e-7
17.89 2.290835753397746e-7
17.900000000000002 2.2663796358145891e-7
17.91 2.2421850792238988e-7
17.92 2.2182492805082602e-7
17.93 2.1945694666593658e-7
17.94 2.1711428944537764e-7
17.95 2.1479668501321844e-7
17.96 2.1250386490821402e-7
17.97 2.102355635524205e-7
17.98 2.0799151822014913e-7
17.990000000000002 2.0577146900725587e-7
18.0 2.0357515880076236e-7
18.01 2.0140233324880503e-7
18.02 1.992527407309087e-7
18.03 1.9712613232858085e-7
18.04 1.9502226179622395e-7
18.05 1.929408855323609e-7
18.06 1.9088176255117232e-7
18.07 1.8884465445433999e-7
18.080000000000002 1.8682932540319483e-7
18.09 1.8483554209116563e-7
18.1 1.8286307371652464e-7
18.11 1.809116919554278e-7
18.12 1.7898117093524583e-7
18.13 1.7707128720818304e-7
18.14 1.751818197251811e-7
18.150000000000002 1.7331254981010437e-7
18.16 1.7146326113420334e-7
18.17 1.6963373969085468e-7
18.18 1.6782377377057293e-7
18.19 1.6603315393629216e-7
18.2 1.642616729989145e-7
18.21 1.6250912599312235e-7
18.22 1.607753101534515e-7
18.23 1.590600248906227e-7
18.240000000000002 1.573630717681281e-7
18.25 1.5568425447907077e-7
18.26 1.5402337882325395e-7
18.27 1.5238025268451722e-7
18.28 1.507546860083173e-7
18.29 1.4914649077955124e-7
18.3 1.4755548100061743e-7
18.31 1.4598147266971494e-7
18.32 1.4442428375937572e-7
18.330000000000002 1.4288373419522882e-7
18.34 1.4135964583499356e-7
18.35 1.3985184244769925e-7
18.36 1.383601496931292e-7
18.37 1.3688439510148593e-7
18.38 1.3542440805327626e-7
18.39 1.3398001975941292e-7
18.400000000000002 1.3255106324153083e-7
18.41 1.3113737331251563e-7
18.42 1.2973878655724224e-7
18.43 1.283551413135209e-7
18.44 1.2698627765324888e-7
18.45 1.2563203736376529e-7
18.46 1.2429226392940678e-7
18.47 1.2296680251326233e-7
18.48 1.216554999391245e-7
18.490000000000002 1.2035820467363543e-7
18.5 1.1907476680862515e-7
18.51 1.1780503804364039e-7
18.52 1.1654887166866165e-7
18.53 1.1530612254700651e-7
18.54 1.1407664709841727e-7
18.55 1.1286030328233091e-7
18.56 1.1165695058132923e-7
18.57 1.1046644998476748e-7
18.580000000000002 1.0928866397257939e-7
18.59 1.081234564992566e-7
18.6 1.0697069297800092e-7
18.61 1.0583024026504722e-7
18.62 1.0470196664415531e-7
18.63 1.0358574181126898e-7
18.64 1.0248143685934001e-7
18.650000000000002 1.0138892426331634e-7
18.66 1.0030807786529117e-7
18.67 9.923877285981278e-8
18.68 9.818088577935213e-8
18.69 9.713429447992717e-8
18.7 9.609887812688219e-8
18.71 9.507451718081999e-8
18.72 9.406109338368589e-8
18.73 9.305848974500166e-8
18.740000000000002 9.206659052824745e-8
18.75 9.108528123739059e-8
18.76 9.011444860355945e-8
18.77 8.915398057186081e-8
18.78 8.820376628833936e-8
18.79 8.726369608707736e-8
18.8 8.633366147743332e-8
18.81 8.541355513141837e-8
18.82 8.450327087120807e-8
18.830000000000002 8.360270365678925e-8
18.84 8.271174957373943e-8
18.85 8.183030582113802e-8
18.86 8.095827069960765e-8
18.87 8.009554359948423e-8
18.88 7.92420249891145e-8
18.89 7.83976164032794e-8
18.900000000000002 7.756222043174211e-8
18.91 7.673574070791958e-8
18.92 7.591808189767564e-8
18.93 7.510914968823506e-8
18.94 7.430885077721687e-8
18.95 7.351709286178564e-8
18.96 7.273378462791962e-8
18.97 7.195883573979435e-8
18.98 7.119215682928068e-8
18.990000000000002 7.043365948555543e-8
19.0 6.968325624482441e-8
19.01 6.894086058015557e-8
19.02 6.820638689142183e-8
19.03 6.747975049535204e-8
19.04 6.676086761568909e-8
19.05 6.60496553734538e-8
19.06 6.53460317773138e-8
19.07 6.464991571405563e-8
19.080000000000002 6.396122693915984e-8
19.09 6.327988606747719e-8
19.1 6.260581456400528e-8
19.11 6.193893473476436e-8
19.12 6.127916971777137e-8
19.13 6.062644347411099e-8
19.14 5.998068077910287e-8
19.150000000000002 5.9341807213563784e-8
19.16 5.870974915516384e-8
19.17 5.8084433769875566e-8
19.18 5.7465789003515156e-8
19.19 5.685374357337453e-8
19.2 5.62482269599435e-8
19.21 5.564916939872092e-8
19.22 5.505650187211393e-8
19.23 5.447015610142434e-8
19.240000000000002 5.3890064538921194e-8
19.25 5.331616035999852e-8
19.26 5.274837745541756e-8
19.27 5.21866504236323e-8
19.28 5.163091456319758e-8
19.29 5.108110586525878e-8
19.3 5.053716100612245e-8
19.31 4.9999017339906545e-8
19.32 4.9466612891269896e-8
19.330000000000002 4.89398863482198e-8
19.34 4.841877705499692e-8
19.35 4.790322500503669e-8
19.36 4.739317083400639e-8
19.37 4.688855581291713e-8
19.38 4.638932184130975e-8
19.39 4.589541144051413e-8
19.400000000000002 4.5406767746980905e-8
19.41 4.492333450568474e-8
19.42 4.4445056063598744e-8
19.43 4.3971877363238825e-8
19.44 4.350374393627757e-8
19.45 4.3040601897226654e-8
19.46 4.2582397937187244e-8
19.47 4.2129079317667506e-8
19.48 4.1680593864466586e-8
19.490000000000002 4.123688996162435e-8
19.5 4.0797916545436085e-8
19.51 4.0363623098531523e-8
19.52 3.9933959644017595e-8
19.53 3.950887673968394e-8
19.54 3.908832547227089e-8
19.55 3.8672257451798893e-8
19.56 3.8260624805958943e-8
19.57 3.785338017456323e-8
19.580000000000002 3.745047670405545e-8
19.59 3.705186804208007e-8
19.6 3.6657508332110037e-8
19.61 3.6267352208132025e-8
19.62 3.5881354789388936e-8
19.63 3.549947167517884e-8
19.64 3.51216589397097e-8
19.650000000000002 3.4747873127009504e-8
19.66 3.4378071245890996e-8
19.67 3.401221076497052e-8
19.68 3.3650249607740293e-8
19.69 3.329214614769374e-8
19.7 3.29378592035031e-8
19.71 3.2587348034248815e-8
19.72 3.224057233470021e-8
19.73 3.189749223064683e-8
19.740000000000002 3.1558068274279915e-8
19.75 3.122226143962349e-8
19.76 3.0890033118014475e-8
19.77 3.056134511363138e-8
19.78 3.0236159639071054e-8
19.79 2.991443931097283e-8
19.8 2.959614714568968e-8
19.81 2.928124655500595e-8
19.82 2.896970134190096e-8
19.830000000000002 2.8661475696358124e-8
19.84 2.83565341912191e-8
19.85 2.8054841778082425e-8
19.86 2.7756363783246162e-8
19.87 2.7461065903694145e-8
19.88 2.7168914203125303e-8
19.89 2.6879875108025586e-8
19.900000000000002 2.6593915403782087e-8
19.91 2.6311002230838862e-8
19.92 2.6031103080894035e-8
19.93 2.5754185793137683e-8
19.94 2.548021855053017e-8
19.95 2.5209169876120335e-8
19.96 2.494100862940331e-8
19.97 2.4675704002717312e-8
19.98 2.4413225517679178e-8
19.990000000000002 2.4153543021658165e-8
20.0 2.3896626684287556e-8
20.01 2.36424469940137e-8
20.02 2.3390974754682142e-8
20.03 2.3142181082160304e-8
20.04 2.2896037400996482e-8
20.05 2.265251544111465e-8
20.06 2.241158723454476e-8
20.07 2.217322511218809e-8
20.080000000000002 2.193740170061736e-8
20.09 2.1704089918911087e-8
20.1 2.1473262975522013e-8
20.11 2.1244894365179043e-8
20.12 2.1018957865822475e-8
20.13 2.07954275355721e-8
20.14 2.0574277709727783e-8
20.150000000000002 2.0355482997802324e-8
20.16 2.0139018280586025e-8
20.17 1.9924858707242837e-8
20.18 1.9712979692437628e-8
20.19 1.9503356913494266e-8
20.2 1.9295966307584165e-8
20.21 1.9090784068945037e-8
20.22 1.8887786646129416e-8
20.23 1.8686950739282747e-8
20.240000000000002 1.848825329745064e-8
20.25 1.8291671515914997e-8
20.26 1.8097182833558752e-8
20.27 1.790476493025881e-8
20.28 1.771439572430699e-8
20.29 1.7526053369858635e-8
20.3 1.733971625440852e-8
20.31 1.71553629962939e-8
20.32 1.69729724422243e-8
20.330000000000002 1.6792523664837782e-8
20.34 1.6613995960283434e-8
20.35 1.643736884582978e-8
20.36 1.6262622057498827e-8
20.37 1.6089735547725473e-8
20.38 1.5918689483042047e-8
20.39 1.5749464241787593e-8
20.400000000000002 1.5582040411841825e-8
20.41 1.541639878838327e-8
20.42 1.525252037167152e-8
20.43 1.509038636485321e-8
20.44 1.4929978171791548e-8
20.45 1.4771277394919115e-8
20.46 1.4614265833113623e-8
20.47 1.4458925479596541e-8
20.48 1.4305238519854154e-8
20.490000000000002 1.4153187329580966e-8
20.5 1.4002754472645112e-8
20.51 1.3853922699075589e-8
20.52 1.3706674943071073e-8
20.53 1.3560994321030056e-8
20.54 1.3416864129602099e-8
20.55 1.3274267843759991e-8
20.56 1.3133189114892532e-8
20.57 1.299361176891779e-8
20.580000000000002 1.2855519804416552e-8
20.59 1.271889739078579e-8
20.6 1.2583728866411914e-8
20.61 1.2449998736863594e-8
20.62 1.2317691673103957e-8
20.63 1.2186792509721923e-8
20.64 1.2057286243182511e-8
20.650000000000002 1.1929158030095871e-8
20.66 1.1802393185504879e-8
20.67 1.1676977181191088e-8
20.68 1.1552895643998801e-8
20.69 1.1430134354177111e-8
20.7 1.1308679243739722e-8
20.71 1.1188516394842297e-8
20.72 1.1069632038177248e-8
20.73 1.0952012551385662e-8
20.740000000000002 1.083564445748629e-8
20.75 1.0720514423321338e-8
20.76 1.0606609258018895e-8
20.77 1.049391591147186e-8
20.78 1.0382421472833137e-8
20.79 1.027211316902698e-8
20.8 1.0162978363276234e-8
20.81 1.00550045536454e-8
20.82 9.948179371599268e-9
20.830000000000002 9.842490580577002e-9
20.84 9.737926074581506e-9
20.85 9.634473876783867e-9
20.86 9.532122138142777e-9
20.87 9.430859136038724e-9
20.88 9.330673272922798e-9
20.89 9.231553074979996e-9
20.900000000000002 9.133487190806809e-9
20.91 9.036464390102984e-9
20.92 8.9404735623773e-9
20.93 8.845503715667194e-9
20.94 8.75154397527209e-9
20.95 8.658583582500312e-9
20.96 8.566611893429384e-9
20.97 8.47561837767963e-9
20.98 8.385592617200889e-9
20.990000000000002 8.296524305072217e-9
21.0 8.208403244314455e-9
21.01 8.121219346715487e-9
21.02 8.034962631668104e-9
21.03 7.94962322502027e-9
21.04 7.865191357937733e-9
21.05 7.781657365778783e-9
21.06 7.699011686981078e-9
21.07 7.617244861960362e-9
21.080000000000002 7.536347532020994e-9
21.09 7.456310438278116e-9
21.1 7.377124420591378e-9
21.11 7.298780416510061e-9
21.12 7.221269460229501e-9
21.13 7.144582681558664e-9
21.14 7.0687113048988e-9
21.150000000000002 6.9936466482329945e-9
21.16 6.919380122126558e-9
21.17 6.8459032287381035e-9
21.18 6.773207560841206e-9
21.19 6.701284800856534e-9
21.2 6.6301267198943384e-9
21.21 6.55972517680718e-9
21.22 6.4900721172528075e-9
21.23 6.42115957276705e-9
21.240000000000002 6.352979659846635e-9
21.25 6.285524579041823e-9
21.26 6.218786614058745e-9
21.27 6.152758130871342e-9
21.28 6.087431576842818e-9
21.29 6.022799479856475e-9
21.3 5.958854447455864e-9
21.31 5.895589165994124e-9
21.32 5.832996399792425e-9
21.330000000000002 5.771068990307415e-9
21.34 5.70979985530757e-9
21.35 5.649181988058353e-9
21.36 5.589208456516105e-9
21.37 5.529872402530534e-9
21.38 5.471167041055751e-9
21.39 5.413085659369749e-9
21.400000000000002 5.355621616302215e-9
21.41 5.2987683414706146e-9
21.42 5.242519334524443e-9
21.43 5.186868164397557e-9
21.44 5.131808468568499e-9
21.45 5.07733395232875e-9
21.46 5.023438388058785e-9
21.47 4.970115614511892e-9
21.48 4.917359536105631e-9
21.490000000000002 4.8651641222208905e-9
21.5 4.81352340650842e-9
21.51 4.762431486202783e-9
21.52 4.711882521443664e-9
21.53 4.661870734604408e-9
21.54 4.612390409627757e-9
21.55 4.563435891368677e-9
21.56 4.515001584944227e-9
21.57 4.4670819550903595e-9
21.580000000000002 4.419671525525623e-9
21.59 4.372764878321643e-9
21.6 4.326356653280343e-9
21.61 4.280441547317836e-9
21.62 4.2350143138548815e-9
21.63 4.190069762213879e-9
21.64 4.145602757022291e-9
21.650000000000002 4.1016082176224585e-9
21.66 4.058081117487712e-9
21.67 4.015016483644738e-9
21.68 3.9724093961021055e-9
21.69 3.930254987284915e-9
21.7 3.8885484414754845e-9
21.71 3.847284994260013e-9
21.72 3.80645993198116e-9
21.73 3.766068591196476e-9
21.740000000000002 3.726106358142627e-9
21.75 3.686568668205332e-9
21.76 3.6474510053949817e-9
21.77 3.6087489018278475e-9
21.78 3.5704579372128468e-9
21.79 3.5325737383437868e-9
21.8 3.4950919785970354e-9
21.81 3.458008377434563e-9
21.82 3.4213186999122936e-9
21.830000000000002 3.3850187561937096e-9
21.84 3.349104401068653e-9
21.85 3.3135715334772727e-9
21.86 3.2784160960390543e-9
21.87 3.2436340745868865e-9
21.88 3.2092214977061027e-9
21.89 3.175174436278452e-9
21.900000000000002 3.1414890030309363e-9
21.91 3.1081613520894766e-9
21.92 3.0751876785373416e-9
21.93 3.0425642179782958e-9
21.94 3.0102872461044172e-9
21.95 2.9783530782685276e-9
21.96 2.9467580690611977e-9
21.97 2.9154986118922637e-9
21.98 2.884571138576822e-9
21.990000000000002 2.8539721189256414e-9
22.0 2.8236980603399507e-9
22.01 2.7937455074105593e-9
22.02 2.7641110415212596e-9
22.03 2.734791280456458e-9
22.04 2.705782878013008e-9
22.05 2.6770825236161823e-9
22.06 2.64868694193975e-9
22.07 2.6205928925301137e-9
22.080000000000002 2.5927971694344545e-9
22.09 2.565296600832855e-9
22.1 2.538088048674349e-9
22.11 2.5111684083168606e-9
22.12 2.484534608170984e-9
22.13 2.458183609347573e-9
22.14 2.4321124053090893e-9
22.150000000000002 2.4063180215246795e-9
22.16 2.380797515128932e-9
22.17 2.35554797458428e-9
22.18 2.330566519347006e-9
22.19 2.3058502995368185e-9
22.2 2.2813964956099537e-9
22.21 2.257202318035765e-9
22.22 2.233265006976777e-9
22.23 2.2095818319721403e-9
22.240000000000002 2.18615009162448e-9
22.25 2.162967113290079e-9
22.26 2.140030252772375e-9
22.27 2.1173368940187247e-9
22.28 2.094884448820411e-9
22.29 2.0726703565158482e-9
22.3 2.0506920836969607e-9
22.31 2.0289471239186926e-9
22.32 2.0074329974116196e-9
22.330000000000002 1.9861472507976306e-9
22.34 1.9650874568086426e-9
22.35 1.9442512140083187e-9
22.36 1.9236361465167596e-9
22.37 1.9032399037381294e-9
22.38 1.883060160091192e-9
22.39 1.8630946147427245e-9
22.400000000000002 1.8433409913437731e-9
22.41 1.8237970377687271e-9
22.42 1.8044605258571762e-9
22.43 1.7853292511585256e-9
22.44 1.7664010326793342e-9
22.45 1.747673712633351e-9
22.46 1.729145156194219e-9
22.47 1.7108132512508185e-9
22.48 1.692675908165222e-9
22.490000000000002 1.6747310595332324e-9
22.5 1.6569766599474749e-9
22.51 1.6394106857630196e-9
22.52 1.6220311348655054e-9
22.53 1.604836026441737e-9
22.54 1.5878234007527292e-9
22.55 1.5709913189091763e-9
22.56 1.5543378626493146e-9
22.57 1.5378611341191561e-9
22.580000000000002 1.5215592556550695e-9
22.59 1.5054303695686758e-9
22.6 1.4894726379340465e-9
22.61 1.4736842423771648e-9
22.62 1.4580633838676405e-9
22.63 1.4426082825126401e-9
22.64 1.427317177353021e-9
22.650000000000002 1.4121883261616388e-9
22.66 1.3972200052438073e-9
22.67 1.3824105092398851e-9
22.68 1.367758150929971e-9
22.69 1.3532612610406819e-9
22.7 1.3389181880539924e-9
22.71 1.324727298018114e-9
22.72 1.310686974360388e-9
22.73 1.2967956177021829e-9
22.740000000000002 1.2830516456757578e-9
22.75 1.2694534927430827e-9
22.76 1.2559996100165938e-9
22.77 1.2426884650818568e-9
22.78 1.2295185418221242e-9
22.79 1.2164883402447634e-9
22.8 1.2035963763095365e-9
22.81 1.1908411817587112e-9
22.82 1.1782213039489825e-9
22.830000000000002 1.1657353056851905e-9
22.84 1.15338176505581e-9
22.85 1.1411592752701913e-9
22.86 1.1290664444975447e-9
22.87 1.117101895707633e-9
22.88 1.1052642665131706e-9
22.89 1.0935522090138987e-9
22.900000000000002 1.0819643896423246e-9
22.91 1.0704994890111076e-9
22.92 1.0591562017620706e-9
22.93 1.0479332364168222e-9
22.94 1.0368293152289723e-9
22.95 1.0258431740379232e-9
22.96 1.01497356212422e-9
22.97 1.0042192420664425e-9
22.98 9.935789895996244e-10
22.990000000000002 9.83051593475181e-10
23.0 9.726358553223315e-10
23.01 9.623305895109982e-10
23.02 9.52134623016167e-10
23.03 9.420467952836962e-10
23.04 9.320659580975515e-10
23.05 9.221909754484634e-10
23.06 9.124207234039779e-10
23.07 9.027540899798974e-10
23.080000000000002 8.931899750130897e-10
23.09 8.83727290035654e-10
23.1 8.74364958150428e-10
23.11 8.651019139078229e-10
23.12 8.559371031839697e-10
23.13 8.468694830601668e-10
23.14 8.378980217036104e-10
23.150000000000002 8.290216982493977e-10
23.16 8.20239502683787e-10
23.17 8.115504357287033e-10
23.18 8.029535087274742e-10
23.19 7.944477435317835e-10
23.2 7.86032172389831e-10
23.21 7.777058378356818e-10
23.22 7.694677925797991e-10
23.23 7.613170994007389e-10
23.240000000000002 7.532528310380028e-10
23.25 7.452740700860309e-10
23.26 7.373799088893247e-10
23.27 7.295694494386888e-10
23.28 7.218418032685765e-10
23.29 7.141960913555315e-10
23.3 7.066314440177101e-10
23.31 6.991470008154752e-10
23.32 6.917419104530492e-10
23.330000000000002 6.844153306812156e-10
23.34 6.771664282010569e-10
23.35 6.699943785687172e-10
23.36 6.628983661011821e-10
23.37 6.55877583783061e-10
23.38 6.489312331743615e-10
23.39 6.420585243192502e-10
23.400000000000002 6.352586756557813e-10
23.41 6.285309139265905e-10
23.42 6.218744740905379e-10
23.43 6.152885992352947e-10
23.44 6.087725404908589e-10
23.45 6.02325556943994e-10
23.46 5.95946915553579e-10
23.47 5.896358910668593e-10
23.48 5.833917659365913e-10
23.490000000000002 5.772138302390684e-10
23.5 5.711013815930221e-10
23.51 5.650537250793838e-10
23.52 5.590701731619053e-10
23.53 5.531500456086217e-10
23.54 5.472926694141534e-10
23.55 5.414973787228334e-10
23.56 5.357635147526556e-10
23.57 5.300904257200321e-10
23.580000000000002 5.244774667653521e-10
23.59 5.189239998793339e-10
23.6 5.134293938301608e-10
23.61 5.079930240913943e-10
23.62 5.026142727706541e-10
23.63 4.972925285390575e-10
23.64 4.920271865614121e-10
23.650000000000002 4.86817648427149e-10
23.66 4.816633220819956e-10
23.67 4.765636217603714e-10
23.68 4.715179679185082e-10
23.69 4.665257871682795e-10
23.7 4.615865122117362e-10
23.71 4.566995817763388e-10
23.72 4.5186444055087965e-10
23.73 4.470805391220875e-10
23.740000000000002 4.42347333911907e-10
23.75 4.3766428711544594e-10
23.76 4.3303086663958435e-10
23.77 4.284465460422358e-10
23.78 4.2391080447225666e-10
23.79 4.1942312660999446e-10
23.8 4.149830026084696e-10
23.81 4.105899280351839e-10
23.82 4.0624340381454757e-10
23.830000000000002 4.019429361709199e-10
23.84 3.976880365722568e-10
23.85 3.934782216743576e-10
23.86 3.893130132657056e-10
23.87 3.8519193821289624e-10
23.88 3.8111452840664614e-10
23.89 3.770803207083768e-10
23.900000000000002 3.730888568973667e-10
23.91 3.6913968361846726e-10
23.92 3.6523235233037403e-10
23.93 3.6136641925444897e-10
23.94 3.5754144532408803e-10
23.95 3.537569961346273e-10
23.96 3.500126418937826e-10
23.97 3.4630795737261627e-10
23.98 3.4264252185702655e-10
23.990000000000002 3.3901591909975313e-10
24.0 3.3542773727289307e-10
24.01 3.318775689209228e-10
24.02 3.2836501091421974e-10
24.03 3.2488966440307934e-10
24.04 3.2145113477222057e-10
24.05 3.180490315957764e-10
24.060000000000002 3.1468296859276275e-10
24.07 3.113525635830225e-10
24.080000000000002 3.080574384436367e-10
24.09 3.0479721906580103e-10
24.1 3.01571535312161e-10
24.11 2.9838002097460115e-10
24.12 2.9522231373248293e-10
24.13 2.920980551113278e-10
24.14 2.8900689044193977e-10
24.150000000000002 2.8594846881996274e-10
24.16 2.8292244306586843e-10
24.17 2.7992846968537047e-10
24.18 2.769662088302589e-10
24.19 2.740353242596523e-10
24.2 2.7113548330166157e-10
24.21 2.682663568154622e-10
24.22 2.6542761915376955e-10
24.23 2.626189481257142e-10
24.240000000000002 2.5984002496011166e-10
24.25 2.570905342691231e-10
24.26 2.5437016401230285e-10
24.27 2.5167860546102833e-10
24.28 2.490155531633086e-10
24.29 2.46380704908967e-10
24.3 2.437737616951948e-10
24.310000000000002 2.4119442769247076e-10
24.32 2.386424102108435e-10
24.330000000000002 2.3611741966657284e-10
24.34 2.3361916954912576e-10
24.35 2.311473763885232e-10
24.36 2.2870175972303522e-10
24.37 2.2628204206721892e-10
24.38 2.2388794888029648e-10
24.39 2.215192085348702e-10
24.400000000000002 2.1917555228596963e-10
24.41 2.1685671424042864e-10
24.42 2.1456243132658757e-10
24.43 2.1229244326431814e-10
24.44 2.100464925353672e-10
24.45 2.0782432435401575e-10
24.46 2.0562568663805018e-10
24.47 2.0345032998004215e-10
24.48 2.0129800761893426e-10
24.490000000000002 1.9916847541192757e-10
24.5 1.9706149180666848e-10
24.51 1.9497681781373104e-10
24.52 1.9291421697939248e-10
24.53 1.908734553586979e-10
24.54 1.888543014888114e-10
24.55 1.8685652636265099e-10
24.560000000000002 1.848799034028035e-10
24.57 1.829242084357174e-10
24.580000000000002 1.8098921966616942e-10
24.59 1.7907471765200341e-10
24.6 1.7718048527913734e-10
24.61 1.7530630773683632e-10
24.62 1.7345197249324863e-10
24.63 1.7161726927120178e-10
24.64 1.6980199002425593e-10
24.650000000000002 1.6800592891301223e-10
24.66 1.6622888228167265e-10
24.67 1.6447064863484953e-10
24.68 1.627310286146214e-10
24.69 1.6100982497783292e-10
24.7 1.5930684257363623e-10
24.71 1.576218883212708e-10
24.72 1.5595477118808015e-10
24.73 1.5430530216776176e-10
24.740000000000002 1.526732942588484e-10
24.75 1.5105856244341847e-10
24.76 1.494609236660324e-10
24.77 1.4788019681289316e-10
24.78 1.4631620269122822e-10
24.79 1.4476876400889094e-10
24.8 1.4323770535417855e-10
24.810000000000002 1.4172285317586505e-10
24.82 1.40224035763446e-10
24.830000000000002 1.3874108322759354e-10
24.84 1.3727382748081926e-10
24.85 1.3582210221834256e-10
24.86 1.3438574289916226e-10
24.87 1.3296458672732972e-10
24.88 1.315584726334207e-10
24.89 1.301672412562046e-10
24.900000000000002 1.2879073492450805e-10
24.91 1.2742879763927174e-10
24.92 1.260812750557978e-10
24.93 1.2474801446618572e-10
24.94 1.234288647819554e-10
24.95 1.2212367651685436e-10
24.96 1.2083230176984833e-10
24.97 1.1955459420829198e-10
24.98 1.18290409051279e-10
24.990000000000002 1.1703960305316892e-10
25.0 1.1580203448728918e-10
25.01 1.1457756312981019e-10
25.02 1.133660502437921e-10
25.03 1.121673585634007e-10
25.04 1.1098135227829156e-10
25.05 1.0980789701815968e-10
25.060000000000002 1.0864685983745373e-10
25.07 1.0749810920025243e-10
25.080000000000002 1.0636151496530184e-10
25.09 1.0523694837121161e-10
25.1 1.0412428202180859e-10
25.11 1.03023389871646e-10
25.12 1.0193414721166665e-10
25.13 1.0085643065501858e-10
25.14 9.979011812302121e-11
25.150000000000002 9.873508883128093e-11
25.16 9.769122327595403e-11
25.17 9.665840322015559e-11
25.18 9.56365116805129e-11
25.19 9.462543291386168e-11
25.2 9.362505240408368e-11
25.21 9.263525684908418e-11
25.22 9.165593414790775e-11
25.23 9.068697338799111e-11
25.240000000000002 8.972826483255119e-11
25.25 8.877969990810733e-11
25.26 8.784117119213604e-11
25.27 8.691257240085697e-11
25.28 8.59937983771485e-11
25.29 8.508474507859182e-11
25.3 8.418530956564216e-11
25.310000000000002 8.329538998992534e-11
25.32 8.241488558265906e-11
25.330000000000002 8.154369664319689e-11
25.34 8.068172452769417e-11
25.35 7.98288716378942e-11
25.36 7.898504141003351e-11
25.37 7.815013830386531e-11
25.38 7.732406779179909e-11
25.39 7.650673634815585e-11
25.400000000000002 7.569805143853747e-11
25.41 7.489792150930897e-11
25.42 7.410625597719247e-11
25.43 7.332296521897171e-11
25.44 7.254796056130592e-11
25.45 7.178115427065195e-11
25.46 7.10224595432933e-11
25.47 7.027179049547517e-11
25.48 6.952906215364437e-11
25.490000000000002 6.879419044479267e-11
25.5 6.806709218690295e-11
25.51 6.73476850794967e-11
25.52 6.663588769428186e-11
25.53 6.593161946590016e-11
25.54 6.523480068277259e-11
25.55 6.454535247804216e-11
25.560000000000002 6.386319682061278e-11
25.57 6.318825650628349e-11
25.580000000000002 6.252045514897659e-11
25.59 6.185971717205914e-11
25.6 6.120596779975654e-11
25.61 6.055913304865726e-11
25.62 5.991913971930787e-11
25.63 5.928591538789721e-11
25.64 5.865938839802909e-11
25.650000000000002 5.803948785258203e-11
25.66 5.742614360565582e-11
25.67 5.6819286254603225e-11
25.68 5.62188471321466e-11
25.69 5.562475829857803e-11
25.7 5.503695253404243e-11
25.71 5.4455363330902454e-11
25.72 5.387992488618457e-11
25.73 5.331057209410531e-11
25.740000000000002 5.2747240538676845e-11
25.75 5.218986648639118e-11
25.76 5.1638386878981875e-11
25.77 5.109273932626278e-11
25.78 5.0552862099042607e-11
25.79 5.001869412211495e-11
25.8 4.9490174967322565e-11
25.810000000000002 4.8967244846695366e-11
25.82 4.8449844605661275e-11
25.830000000000002 4.7937915716329095e-11
25.84 4.743140027084275e-11
25.85 4.693024097480605e-11
25.86 4.6434381140777265e-11
25.87 4.594376468183279e-11
25.88 4.545833610519911e-11
25.89 4.4978040505952365e-11
25.900000000000002 4.450282356078479e-11
25.91 4.4032631521837406e-11
25.92 4.3567411210598073e-11
25.93 4.3107110011864354e-11
25.94 4.2651675867770514e-11
25.95 4.220105727187786e-11
25.96 4.175520326332787e-11
25.97 4.131406342105729e-11
25.98 4.087758785807474e-11
25.990000000000002 4.044572721579803e-11
26.0 4.001843265845154e-11
26.01 3.9595655867523184e-11
26.02 3.917734903628004e-11
26.03 3.876346486434238e-11
26.04 3.8353956552315104e-11
26.05 3.7948777796476315e-11
26.060000000000002 3.754788278352215e-11
26.07 3.715122618536747e-11
26.080000000000002 3.675876315400167e-11
26.09 3.637044931639912e-11
26.1 3.598624076948362e-11
26.11 3.5606094075146296e-11
26.12 3.5229966255316324e-11
26.13 3.4857814787084055e-11
26.14 3.448959759787581e-11
26.150000000000002 3.4125273060679954e-11
26.16 3.3764799989323586e-11
26.17 3.3408137633799345e-11
26.18 3.3055245675641856e-11
26.19 3.2706084223353187e-11
26.2 3.2360613807876896e-11
26.21 3.2018795378120096e-11
26.22 3.168059029652298e-11
26.23 3.134596033467545e-11
26.240000000000002 3.10148676689802e-11
26.25 3.068727487636183e-11
26.26 3.036314493002149e-11
26.27 3.004244119523659e-11
26.28 2.972512742520504e-11
26.29 2.9411167756933643e-11
26.3 2.910052670717003e-11
26.310000000000002 2.8793169168377837e-11
26.32 2.8489060404754547e-11
26.330000000000002 2.818816604829159e-11
26.34 2.7890452094876246e-11
26.35 2.7595884900434896e-11
26.36 2.7304431177117235e-11
26.37 2.7016057989520872e-11
26.38 2.6730732750956123e-11
26.39 2.6448423219750282e-11
26.400000000000002 2.6169097495591232e-11
26.41 2.5892724015909772e-11
26.42 2.561927155230032e-11
26.43 2.5348709206979617e-11
26.44 2.5081006409283023e-11
26.45 2.4816132912197888e-11
26.46 2.4554058788933825e-11
26.47 2.429475442952924e-11
26.48 2.4038190537493962e-11
26.490000000000002 2.378433812648743e-11
26.5 2.3533168517032135e-11
26.51 2.328465333326193e-11
26.52 2.30387644997048e-11
26.53 2.279547423809982e-11
26.54 2.255475506424782e-11
26.55 2.231657978489548e-11
26.560000000000002 2.2080921494652463e-11
26.57 2.184775357294127e-11
26.580000000000002 2.161704968097944e-11
26.59 2.1388783758793725e-11
26.6 2.116293002226598e-11
26.61 2.093946296021037e-11
26.62 2.0718357331481575e-11
26.63 2.0499588162113634e-11
26.64 2.028313074248921e-11
26.650000000000002 2.00689606245388e-11
26.66 1.98570536189697e-11
26.67 1.964738579252434e-11
26.68 1.943993346526769e-11
26.69 1.9234673207903434e-11
26.7 1.903158183911864e-11
26.71 1.883063642295654e-11
26.72 1.863181426621719e-11
26.73 1.843509291588572e-11
26.740000000000002 1.8240450156587834e-11
26.75 1.804786400807229e-11
26.76 1.7857312722720095e-11
26.77 1.7668774783080084e-11
26.78 1.7482228899430678e-11
26.79 1.7297654007367443e-11
26.8 1.7115029265416278e-11
26.810000000000002 1.6934334052671883e-11
26.82 1.675554796646129e-11
26.830000000000002 1.6578650820032145e-11
26.84 1.640362264026551e-11
26.85 1.6230443665412932e-11
26.86 1.6059094342857495e-11
26.87 1.5889555326898613e-11
26.88 1.57218074765603e-11
26.89 1.5555831853422698e-11
26.900000000000002 1.5391609719476585e-11
26.91 1.522912253500064e-11
26.92 1.5068351956461214e-11
26.93 1.4909279834434328e-11
26.94 1.475188821154978e-11
26.95 1.4596159320456987e-11
26.96 1.444207558181241e-11
26.97 1.4289619602288322e-11
26.98 1.4138774172602688e-11
26.990000000000002 1.3989522265569916e-11
27.0 1.3841847034172289e-11
27.01 1.3695731809651846e-11
27.02 1.3551160099622462e-11
27.03 1.3408115586201983e-11
27.04 1.3266582124164136e-11
27.05 1.312654373911003e-11
27.060000000000002 1.298798462565906e-11
27.07 1.2850889145658957e-11
27.080000000000002 1.2715241826414855e-11
27.09 1.258102735893709e-11
27.1 1.2448230596207599e-11
27.11 1.2316836551464679e-11
27.12 1.2186830396505948e-11
27.13 1.2058197460009268e-11
27.14 1.193092322587148e-11
27.150000000000002 1.1804993331564759e-11
27.16 1.1680393566510365e-11
27.17 1.1557109870469667e-11
27.18 1.1435128331952175e-11
27.19 1.1314435186640496e-11
27.2 1.1195016815831936e-11
27.21 1.1076859744896661e-11
27.22 1.0959950641752167e-11
27.23 1.084427631535394e-11
27.240000000000002 1.072982371420211e-11
27.25 1.0616579924863913e-11
27.26 1.0504532170511846e-11
27.27 1.039366780947729e-11
27.28 1.028397433381946e-11
27.29 1.0175439367909531e-11
27.3 1.0068050667029789e-11
27.310000000000002 9.961796115987582e-12
27.32 9.856663727743993e-12
27.330000000000002 9.752641642057052e-12
27.34 9.649718124139283e-12
27.35 9.547881563329544e-12
27.36 9.447120471778866e-12
27.37 9.347423483150288e-12
27.38 9.248779351332428e-12
27.39 9.15117694916669e-12
27.400000000000002 9.054605267187968e-12
27.41 8.959053412378695e-12
27.42 8.864510606936099e-12
27.43 8.770966187052489e-12
27.44 8.678409601708523e-12
27.45 8.5868304114792e-12
27.46 8.496218287352558e-12
27.47 8.40656300956085e-12
27.48 8.317854466424127e-12
27.490000000000002 8.230082653206053e-12
27.5 8.143237670981876e-12
27.51 8.057309725518362e-12
27.52 7.972289126165619e-12
27.53 7.888166284760633e-12
27.54 7.804931714542459e-12
27.55 7.722576029078883e-12
27.560000000000002 7.641089941204446e-12
27.57 7.560464261969748e-12
27.580000000000002 7.480689899601871e-12
27.59 7.401757858475798e-12
27.6 7.323659238096756e-12
27.61 7.246385232093325e-12
27.62 7.1699271272212226e-12
27.63 7.094276302377636e-12
27.64 7.019424227625996e-12
27.650000000000002 6.945362463231088e-12
27.66 6.872082658704382e-12
27.67 6.7995765518594726e-12
27.68 6.727835967877531e-12
27.69 6.6568528183826515e-12
27.7 6.586619100526999e-12
27.71 6.51712689608564e-12
27.72 6.448368370560973e-12
27.73 6.380335772296634e-12
27.740000000000002 6.313021431600795e-12
27.75 6.246417759878751e-12
27.76 6.180517248774685e-12
27.77 6.11531246932254e-12
27.78 6.050796071105865e-12
27.79 5.986960781426573e-12
27.8 5.923799404482515e-12
27.810000000000002 5.86130482055373e-12
27.82 5.79946998519735e-12
27.830000000000002 5.738287928451021e-12
27.84 5.6777517540447455e-12
27.85 5.617854638621099e-12
27.86 5.558589830963687e-12
27.87 5.499950651233775e-12
27.88 5.441930490215013e-12
27.89 5.38452280856615e-12
27.900000000000002 5.327721136081668e-12
27.91 5.271519070960246e-12
27.92 5.2159102790809774e-12
27.93 5.160888493287228e-12
27.94 5.106447512678115e-12
27.95 5.0525812019074665e-12
27.96 4.999283490490196e-12
27.97 4.946548372116059e-12
27.98 4.894369903970638e-12
27.990000000000002 4.842742206063541e-12
28.0 4.791659460563702e-12
28.01 4.74111591114174e-12
28.02 4.691105862319252e-12
28.03 4.641623678825024e-12
28.04 4.592663784958046e-12
28.05 4.5442206639572735e-12
28.060000000000002 4.496288857378066e-12
28.07 4.4488629644752295e-12
28.080000000000002 4.401937641592579e-12
28.09 4.355507601558986e-12
28.1 4.309567613090808e-12
28.11 4.264112500200642e-12
28.12 4.219137141612351e-12
28.13 4.174636470182274e-12
28.14 4.130605472326569e-12
28.150000000000002 4.087039187454618e-12
28.16 4.04393270740843e-12
28.17 4.001281175907986e-12
28.18 3.959079788002445e-12
28.19 3.917323789527174e-12
28.2 3.876008476566516e-12
28.21 3.835129194922254e-12
28.22 3.794681339587694e-12
28.23 3.7546603542273246e-12
28.240000000000002 3.7150617306619805e-12
28.25 3.675881008359461e-12
28.26 3.637113773930531e-12
28.27 3.598755660630273e-12
28.28 3.560802347864707e-12
28.29 3.523249560702636e-12
28.3 3.4860930693926645e-12
28.310000000000002 3.449328688885322e-12
28.32 3.4129522783602512e-12
28.330000000000002 3.3769597407583994e-12
28.34 3.3413470223191638e-12
28.35 3.306110112122434e-12
28.36 3.271245041635485e-12
28.37 3.236747884264665e-12
28.38 3.202614754911832e-12
28.39 3.1688418095354787e-12
28.400000000000002 3.1354252447165117e-12
28.41 3.1023612972286227e-12
28.42 3.0696462436132066e-12
28.43 3.037276399758782e-12
28.44 3.0052481204848605e-12
28.45 2.973557799130227e-12
28.46 2.9422018671455655e-12
28.47 2.9111767936904124e-12
28.48 2.8804790852343633e-12
28.490000000000002 2.8501052851625095e-12
28.5 2.8200519733850444e-12
28.51 2.7903157659510053e-12
28.52 2.7608933146661064e-12
28.53 2.7317813067146066e-12
28.54 2.702976464285193e-12
28.55 2.6744755442008116e-12
28.560000000000002 2.646275337552423e-12
28.57 2.618372669336635e-12
28.580000000000002 2.5907643980971658e-12
28.59 2.5634474155701043e-12
28.6 2.5364186463329244e-12
28.61 2.5096750474572155e-12
28.62 2.483213608165084e-12
28.63 2.4570313494891954e-12
28.64 2.431125323936412e-12
28.650000000000002 2.4054926151549937e-12
28.66 2.3801303376053117e-12
28.67 2.3550356362340614e-12
28.68 2.3302056861519076e-12
28.69 2.3056376923145528e-12
28.7 2.2813288892071716e-12
28.71 2.257276540532194e-12
28.72 2.2334779389003848e-12
28.73 2.2099304055251944e-12
28.740000000000002 2.186631289920343e-12
28.75 2.16357796960061e-12
28.76 2.140767849785784e-12
28.77 2.1181983631077454e-12
28.78 2.095866969320652e-12
28.79 2.07377115501419e-12
28.8 2.0519084333298592e-12
28.810000000000002 2.0302763436802577e-12
28.82 2.00887245147134e-12
28.830000000000002 1.9876943478276158e-12
28.84 1.966739649320249e-12
28.85 1.946005997698043e-12
28.86 1.925491059621263e-12
28.87 1.9051925263982835e-12
28.88 1.885108113725013e-12
28.89 1.8652355614270867e-12
28.900000000000002 1.8455726332047755e-12
28.91 1.826117116380604e-12
28.92 1.8068668216496313e-12
28.93 1.787819582832375e-12
28.94 1.768973256630355e-12
28.95 1.7503257223842152e-12
28.96 1.7318748818344117e-12
28.97 1.7136186588844268e-12
28.98 1.6955549993664944e-12
28.990000000000002 1.6776818708097967e-12
29.0 1.65999726221112e-12
29.01 1.6424991838079295e-12
29.02 1.6251856668538522e-12
29.03 1.6080547633965314e-12
29.04 1.59110454605783e-12
29.05 1.5743331078163616e-12
29.060000000000002 1.5577385617923209e-12
29.07 1.5413190410345904e-12
29.080000000000002 1.5250726983100985e-12
29.09 1.5089977058954085e-12
29.1 1.4930922553705072e-12
29.11 1.4773545574147815e-12
29.12 1.4617828416051464e-12
29.13 1.4463753562163139e-12
29.14 1.4311303680231718e-12
29.150000000000002 1.4160461621052527e-12
29.16 1.4011210416532742e-12
29.17 1.3863533277777201e-12
29.18 1.3717413593194511e-12
29.19 1.3572834926623185e-12
29.2 1.3429781015477574e-12
29.21 1.3288235768913408e-12
29.22 1.3148183266012776e-12
29.23 1.3009607753988275e-12
29.240000000000002 1.2872493646406152e-12
29.25 1.2736825521428263e-12
29.26 1.2602588120072601e-12
29.27 1.2469766344492235e-12
29.28 1.233834525627245e-12
29.29 1.2208310074745895e-12
29.3 1.2079646175325546e-12
29.310000000000002 1.1952339087855315e-12
29.32 1.1826374494978093e-12
29.330000000000002 1.1701738230521032e-12
29.34 1.157841627789796e-12
29.35 1.1456394768528634e-12
29.36 1.1335659980274736e-12
29.37 1.1216198335892419e-12
29.38 1.109799640150119e-12
29.39 1.0981040885069016e-12
29.400000000000002 1.0865318634913423e-12
29.41 1.0750816638218472e-12
29.42 1.0637522019567394e-12
29.43 1.052542203949076e-12
29.44 1.0414504093030005e-12
29.45 1.0304755708316117e-12
29.46 1.0196164545163391e-12
29.47 1.008871839367803e-12
29.48 9.982405172881468e-13
29.490000000000002 9.877212929348247e-13
29.5 9.773129835858313e-13
29.51 9.670144190063534e-13
29.52 9.568244413168336e-13
29.53 9.467419048624293e-13
29.54 9.36765676083852e-13
29.55 9.268946333895703e-13
29.560000000000002 9.171276670293676e-13
29.57 9.074636789692346e-13
29.580000000000002 8.97901582767584e-13
29.59 8.884403034527766e-13
29.6 8.790787774019388e-13
29.61 8.698159522210657e-13
29.62 8.606507866263877e-13
29.63 8.515822503269951e-13
29.64 8.426093239087e-13
29.650000000000002 8.337309987191299e-13
29.66 8.249462767540332e-13
29.67 8.162541705447886e-13
29.68 8.076537030471028e-13
29.69 7.991439075308849e-13
29.7 7.90723827471287e-13
29.71 7.823925164408935e-13
29.72 7.741490380030533e-13
29.73 7.659924656063373e-13
29.740000000000002 7.579218824801138e-13
29.75 7.499363815312267e-13
29.76 7.420350652417649e-13
29.77 7.342170455679155e-13
29.78 7.264814438398836e-13
29.79 7.188273906628709e-13
29.8 7.112540258191019e-13
29.810000000000002 7.037604981708847e-13
29.82 6.963459655646972e-13
29.830000000000002 6.890095947362869e-13
29.84 6.817505612167742e-13
29.85 6.745680492397481e-13
29.86 6.674612516493444e-13
29.87 6.604293698092951e-13
29.88 6.534716135129387e-13
29.89 6.465872008941829e-13
29.900000000000002 6.397753583394087e-13
29.91 6.330353204003039e-13
29.92 6.263663297076194e-13
29.93 6.197676368858376e-13
29.94 6.132385004687406e-13
29.95 6.067781868158732e-13
29.96 6.003859700298877e-13
29.97 5.940611318747629e-13
29.98 5.878029616948868e-13
29.990000000000002 5.816107563349951e-13
30.0 5.754838200609554e-13
30.01 5.694214644813902e-13
30.02 5.634230084701257e-13
30.03 5.574877780894633e-13
30.04 5.516151065142588e-13
30.05 5.458043339568077e-13
30.060000000000002 5.400548075925204e-13
30.07 5.343658814863866e-13
30.080000000000002 5.287369165202145e-13
30.09 5.231672803206401e-13
30.1 5.176563471878966e-13
30.11 5.122034980253371e-13
30.12 5.068081202697027e-13
30.13 5.014696078221263e-13
30.14 4.961873609798658e-13
30.150000000000002 4.909607863687607e-13
30.16 4.857892968763994e-13
30.17 4.806723115859947e-13
30.18 4.756092557109589e-13
30.19 4.705995605301674e-13
30.2 4.656426633239097e-13
30.21 4.607380073105149e-13
30.22 4.558850415836488e-13
30.23 4.5108322105027086e-13
30.240000000000002 4.4633200636925035e-13
30.25 4.4163086389062834e-13
30.26 4.3697926559552276e-13
30.27 4.323766890366682e-13
30.28 4.2782261727958426e-13
30.29 4.233165388443651e-13
30.3 4.1885794764808507e-13
30.310000000000002 4.1444634294781144e-13
30.32 4.100812292842209e-13
30.330000000000002 4.0576211642581064e-13
30.34 4.014885193136991e-13
30.35 3.972599580070111e-13
30.36 3.930759576288383e-13
30.37 3.8893604831277243e-13
30.38 3.8483976515000165e-13
30.39 3.807866481369677e-13
30.400000000000002 3.7677624212357444e-13
30.41 3.728080967619451e-13
30.42 3.6888176645572016e-13
30.43 3.6499681030989053e-13
30.44 3.6115279208116183e-13
30.45 3.5734928012884243e-13
30.46 3.5358584736625035e-13
30.47 3.4986207121263414e-13
30.48 3.461775335456007e-13
30.490000000000002 3.4253182065404683e-13
30.5 3.389245231915872e-13
30.51 3.353552361304752e-13
30.52 3.3182355871600976e-13
30.53 3.283290944214244e-13
30.54 3.2487145090325274e-13
30.55 3.2145023995716535e-13
30.560000000000002 3.180650774742735e-13
30.57 3.1471558339789444e-13
30.580000000000002 3.11401381680773e-13
30.59 3.0812210024275586e-13
30.6 3.048773709289124e-13
30.61 3.016668294680983e-13
30.62 2.984901154319566e-13
30.63 2.9534687219435226e-13
30.64 2.922367468912345e-13
30.650000000000002 2.891593903809243e-13
30.66 2.8611445720482015e-13
30.67 2.831016055485199e-13
30.68 2.8012049720335264e-13
30.69 2.7717079752831746e-13
30.7 2.742521754124238e-13
30.71 2.7136430323742995e-13
30.72 2.685068568409748e-13
30.73 2.6567951548009936e-13
30.740000000000002 2.628819617951536e-13
30.75 2.6011388177408446e-13
30.76 2.5737496471710075e-13
30.77 2.546649032017118e-13
30.78 2.519833930481354e-13
30.79 2.493301332850704e-13
30.8 2.467048261158318e-13
30.810000000000002 2.4410717688484295e-13
30.82 2.4153689404448157e-13
30.830000000000002 2.389936891222766e-13
30.84 2.364772766884508e-13
30.85 2.339873743238066e-13
30.86 2.3152370258795104e-13
30.87 2.2908598498785626e-13
30.88 2.2667394794675187e-13
30.89 2.2428732077334652e-13
30.900000000000002 2.2192583563137367e-13
30.91 2.195892275094598e-13
30.92 2.1727723419131027e-13
30.93 2.1498959622621034e-13
30.94 2.1272605689983765e-13
30.95 2.1048636220538316e-13
30.96 2.0827026081497668e-13
30.970000000000002 2.0607750405141456e-13
30.98 2.0390784586018584e-13
30.990000000000002 2.017610427817937e-13
31.0 1.996368539243694e-13
31.01 1.975350409365753e-13
31.02 1.9545536798079419e-13
31.03 1.9339760170660163e-13
31.04 1.9136151122451836e-13
31.05 1.893468680800403e-13
31.060000000000002 1.8735344622794216e-13
31.07 1.8538102200685299e-13
31.080000000000002 1.8342937411409991e-13
31.09 1.8149828358081758e-13
31.1 1.7958753374732058e-13
31.11 1.776969102387356e-13
31.12 1.758262009408913e-13
31.13 1.739751959764625e-13
31.14 1.721436876813664e-13
31.150000000000002 1.7033147058140795e-13
31.16 1.6853834136917208e-13
31.17 1.667640988811594e-13
31.18 1.6500854407516414e-13
31.19 1.6327148000789018e-13
31.2 1.6155271181280388e-13
31.21 1.5985204667822057e-13
31.220000000000002 1.5816929382562265e-13
31.23 1.565042644882063e-13
31.240000000000002 1.54856771889655e-13
31.25 1.5322663122313702e-13
31.26 1.5161365963052463e-13
31.27 1.5001767618183296e-13
31.28 1.4843850185487572e-13
31.29 1.4687595951513584e-13
31.3 1.4532987389584846e-13
31.310000000000002 1.4380007157829454e-13
31.32 1.4228638097230223e-13
31.330000000000002 1.4078863229695422e-13
31.34 1.3930665756149895e-13
31.35 1.378402905464629e-13
31.36 1.3638936678496286e-13
31.37 1.3495372354421498e-13
31.38 1.3353319980723962e-13
31.39 1.3212763625475861e-13
31.400000000000002 1.307368752472843e-13
31.41 1.2936076080739743e-13
31.42 1.2799913860221197e-13
31.43 1.266518559260254e-13
31.44 1.2531876168315178e-13
31.45 1.239997063709364e-13
31.46 1.2269454206294954e-13
31.470000000000002 1.2140312239235773e-13
31.48 1.201253025354705e-13
31.490000000000002 1.188609391954608e-13
31.5 1.1760989058625747e-13
31.51 1.1637201641660744e-13
31.52 1.151471778743066e-13
31.53 1.1393523761059655e-13
31.54 1.1273605972472668e-13
31.55 1.115495097486788e-13
31.560000000000002 1.1037545463205314e-13
31.57 1.0921376272711411e-13
31.580000000000002 1.0806430377399342e-13
31.59 1.0692694888604992e-13
31.6 1.0580157053538367e-13
31.61 1.0468804253850307e-13
31.62 1.03586240042143e-13
31.63 1.0249603950923317e-13
31.64 1.0141731870501407e-13
31.650000000000002 1.0034995668329978e-13
31.66 9.929383377288572e-14
31.67 9.824883156409975e-14
31.68 9.721483289549536e-14
31.69 9.619172184068533e-14
31.7 9.517938369531422e-14
31.71 9.417770496416845e-14
31.720000000000002 9.318657334842247e-14
31.73 9.220587773301952e-14
31.740000000000002 9.123550817418554e-14
31.75 9.027535588707486e-14
31.76 8.93253132335464e-14
31.77 8.838527371006873e-14
31.78 8.745513193575288e-14
31.79 8.653478364051147e-14
31.8 8.56241256533428e-14
31.810000000000002 8.472305589073844e-14
31.82 8.383147334521345e-14
31.830000000000002 8.294927807395736e-14
31.84 8.207637118760515e-14
31.85 8.12126548391267e-14
31.86 8.035803221283336e-14
31.87 7.951240751350065e-14
31.88 7.867568595560582e-14
31.89 7.784777375267887e-14
31.900000000000002 7.702857810676593e-14
31.91 7.6218007198004e-14
31.92 7.541597017430558e-14
31.93 7.462237714115218e-14
31.94 7.383713915149557e-14
31.95 7.306016819576559e-14
31.96 7.22913771919834e-14
31.970000000000002 7.153067997597907e-14
31.98 7.077799129171247e-14
31.990000000000002 7.003322678169615e-14
32.0 6.929630297751935e-14
32.01 6.85671372904721e-14
32.02 6.784564800226816e-14
32.03 6.713175425586589e-14
32.04 6.6425376046386e-14
32.05 6.572643421212505e-14
32.06 6.503485042566384e-14
32.07 6.435054718506968e-14
32.08 6.367344780519139e-14
32.09 6.300347640904625e-14
32.1 6.234055791929775e-14
32.11 6.168461804982332e-14
32.12 6.103558329737102e-14
32.13 6.039338093330428e-14
32.14 5.975793899543372e-14
32.15 5.912918627993518e-14
32.160000000000004 5.850705233335295e-14
32.17 5.789146744468751e-14
32.18 5.72823626375667e-14
32.19 5.6679669662499424e-14
32.2 5.60833209892112e-14
32.21 5.5493249799060455e-14
32.22 5.490938997753498e-14
32.230000000000004 5.433167610682738e-14
32.24 5.376004345848908e-14
32.25 5.3194427986161584e-14
32.26 5.2634766318384645e-14
32.27 5.2080995751480196e-14
32.28 5.1533054242511343e-14
32.29 5.099088040231574e-14
32.3 5.0454413488612395e-14
32.31 4.9923593399181175e-14
32.32 4.939836066511437e-14
32.33 4.887865644413936e-14
32.34 4.836442251401178e-14
32.35 4.785560126597835e-14
32.36 4.735213569830871e-14
32.37 4.685396940989545e-14
32.38 4.63610465939217e-14
32.39 4.587331203159553e-14
32.4 4.539071108595034e-14
32.410000000000004 4.491318969571087e-14
32.42 4.4440694369223695e-14
32.43 4.397317217845187e-14
32.44 4.351057075303294e-14
32.45 4.305283827439953e-14
32.46 4.2599923469962064e-14
32.47 4.215177560735281e-14
32.480000000000004 4.1708344488730647e-14
32.49 4.126958044514589e-14
32.5 4.083543433096462e-14
32.51 4.040585751835175e-14
32.52 3.9980801891812344e-14
32.53 3.9560219842790506e-14
32.54 3.914406426432523e-14
32.55 3.873228854576266e-14
32.56 3.832484656752404e-14
32.57 3.792169269592898e-14
32.58 3.752278177807321e-14
32.59 3.712806913676043e-14
32.6 3.673751056548761e-14
32.61 3.635106232348318e-14
32.62 3.596868113079756e-14
32.63 3.5590324163445455e-14
32.64 3.521594904859941e-14
32.65 3.484551385983409e-14
32.660000000000004 3.447897711242063e-14
32.67 3.411629775867072e-14
32.68 3.3757435183329735e-14
32.69 3.34023491990185e-14
32.7 3.305100004172307e-14
32.71 3.270334836633215e-14
32.72 3.235935524222155e-14
32.730000000000004 3.201898214888519e-14
32.74 3.1682190971612254e-14
32.75 3.1348943997209844e-14
32.76 3.101920390977084e-14
32.77 3.0692933786486316e-14
32.78 3.037009709350217e-14
32.79 3.0050657681819426e-14
32.8 2.97345797832378e-14
32.81 2.942182800634207e-14
32.82 2.9112367332530675e-14
32.83 2.880616311208631e-14
32.84 2.85031810602879e-14
32.85 2.8203387253563594e-14
32.86 2.7906748125684345e-14
32.87 2.76132304639976e-14
32.88 2.7322801405700733e-14
32.89 2.7035428434153793e-14
32.9 2.6751079375231097e-14
32.910000000000004 2.6469722393711326e-14
32.92 2.6191325989705675e-14
32.93 2.5915858995123722e-14
32.94 2.5643290570176453e-14
32.95 2.5373590199916318e-14
32.96 2.5106727690813622e-14
32.97 2.484267316736915e-14
32.980000000000004 2.4581397068762382e-14
32.99 2.4322870145535208e-14
33.0 2.406706345631046e-14
33.01 2.3813948364545162e-14
33.02 2.3563496535317944e-14
33.03 2.331567993215037e-14
33.04 2.307047081386181e-14
33.05 2.2827841731457393e-14
33.06 2.2587765525048842e-14
33.07 2.2350215320807774e-14
33.08 2.2115164527951104e-14
33.09 2.1882586835758256e-14
33.1 2.1652456210619817e-14
33.11 2.1424746893117295e-14
33.12 2.11994333951337e-14
33.13 2.0976490496994576e-14
33.14 2.075589324463918e-14
33.15 2.0537616946821492e-14
33.160000000000004 2.0321637172340717e-14
33.17 2.0107929747301018e-14
33.18 1.9896470752400133e-14
33.19 1.9687236520246574e-14
33.2 1.9480203632705107e-14
33.21 1.927534891827025e-14
33.22 1.9072649449467423e-14
33.230000000000004 1.8872082540281522e-14
33.24 1.8673625743612612e-14
33.25 1.847725684875843e-14
33.26 1.8282953878923442e-14
33.27 1.8090695088754144e-14
33.28 1.7900458961900395e-14
33.29 1.7712224208602372e-14
33.3 1.7525969763303086e-14
33.31 1.734167478228597e-14
33.32 1.7159318641337415e-14
33.33 1.697888093343394e-14
33.34 1.6800341466453763e-14
33.35 1.6623680260912472e-14
33.36 1.64488775477226e-14
33.37 1.6275913765976778e-14
33.38 1.6104769560754288e-14
33.39 1.593542578095075e-14
33.4 1.5767863477130656e-14
33.410000000000004 1.5602063899402575e-14
33.42 1.5438008495316732e-14
33.43 1.5275678907784764e-14
33.44 1.511505697302142e-14
33.45 1.4956124718507936e-14
33.46 1.4798864360976884e-14
33.47 1.4643258304418263e-14
33.480000000000004 1.4489289138106647e-14
33.49 1.4336939634649056e-14
33.5 1.4186192748053485e-14
33.51 1.4037031611817743e-14
33.52 1.3889439537038456e-14
33.53 1.3743400010539996e-14
33.54 1.3598896693023148e-14
33.55 1.345591341723327e-14
33.56 1.3314434186147794e-14
33.57 1.3174443171182806e-14
33.58 1.3035924710418539e-14
33.59 1.2898863306843567e-14
33.6 1.2763243626617527e-14
33.61 1.2629050497352131e-14
33.62 1.2496268906410304e-14
33.63 1.2364883999223251e-14
33.64 1.2234881077625269e-14
33.65 1.2106245598206096e-14
33.660000000000004 1.1978963170680653e-14
33.67 1.185301955627593e-14
33.68 1.172840066613493e-14
33.69 1.1605092559737376e-14
33.7 1.1483081443337122e-14
33.71 1.136235366841598e-14
33.72 1.1242895730153884e-14
33.730000000000004 1.1124694265915158e-14
33.74 1.1007736053750746e-14
33.75 1.0892008010916228e-14
33.76 1.0777497192405453e-14
33.77 1.0664190789499637e-14
33.78 1.0552076128331728e-14
33.79 1.044114066846594e-14
33.8 1.0331372001492226e-14
33.81 1.022275784963558e-14
33.82 1.0115286064379996e-14
33.83 1.0008944625106919e-14
33.84 9.903721637748056e-15
33.85 9.799605333452391e-15
33.86 9.696584067267227e-15
33.87 9.59464631683315e-15
33.88 9.49378068109274e-15
33.89 9.393975879012885e-15
33.9 9.295220748320571e-15
33.910000000000004 9.197504244251982e-15
33.92 9.100815438314798e-15
33.93 9.005143517063531e-15
33.94 8.910477780887755e-15
33.95 8.816807642813131e-15
33.96 8.724122627315045e-15
33.97 8.632412369144761e-15
33.980000000000004 8.541666612167935e-15
33.99 8.451875208215383e-15
34.0 8.36302811594595e-15
34.01 8.275115399721355e-15
34.02 8.188127228492916e-15
34.03 8.102053874699985e-15
34.04 8.016885713179998e-15
34.05 7.932613220090022e-15
34.06 7.84922697183964e-15
34.07 7.766717644035119e-15
34.08 7.685076010434664e-15
34.09 7.60429294191471e-15
34.1 7.524359405447092e-15
34.11 7.44526646308701e-15
34.12 7.367005270971626e-15
34.13 7.289567078329255e-15
34.14 7.212943226498963e-15
34.15 7.137125147960506e-15
34.160000000000004 7.062104365374504e-15
34.17 6.987872490632705e-15
34.18 6.914421223918279e-15
34.19 6.841742352775997e-15
34.2 6.769827751192215e-15
34.21 6.698669378684557e-15
34.22 6.628259279401176e-15
34.230000000000004 6.558589581229524e-15
34.24 6.489652494914495e-15
34.25 6.421440313185868e-15
34.26 6.353945409894947e-15
34.27 6.2871602391602885e-15
34.28 6.22107733452244e-15
34.29 6.1556893081075824e-15
34.300000000000004 6.090988849799977e-15
34.31 6.026968726423136e-15
34.32 5.963621780929626e-15
34.33 5.900940931599405e-15
34.34 5.838919171246596e-15
34.35 5.7775495664346306e-15
34.36 5.716825256699654e-15
34.37 5.6567394537821256e-15
34.38 5.59728544086649e-15
34.39 5.538456571828885e-15
34.4 5.4802462704927554e-15
34.410000000000004 5.422648029892327e-15
34.42 5.3656554115438234e-15
34.43 5.309262044724373e-15
34.44 5.2534616257585115e-15
34.45 5.19824791731219e-15
34.46 5.143614747694233e-15
34.47 5.089556010165157e-15
34.480000000000004 5.036065662253262e-15
34.49 4.983137725077931e-15
34.5 4.930766282680063e-15
34.51 4.878945481359554e-15
34.52 4.827669529019759e-15
34.53 4.776932694518867e-15
34.54 4.726729307028093e-15
34.550000000000004 4.677053755396654e-15
34.56 4.627900487523411e-15
34.57 4.579264009735143e-15
34.58 4.531138886171377e-15
34.59 4.483519738175684e-15
34.6 4.436401243693395e-15
34.61 4.389778136675663e-15
34.62 4.343645206489797e-15
34.63 4.297997297335811e-15
34.64 4.252829307669125e-15
34.65 4.208136189629334e-15
34.660000000000004 4.163912948475005e-15
34.67 4.120154642024427e-15
34.68 4.076856380102246e-15
34.69 4.034013323991934e-15
34.7 3.991620685894025e-15
34.71 3.949673728390058e-15
34.72 3.90816776391216e-15
34.730000000000004 3.8670981542182306e-15
34.74 3.82646030987264e-15
34.75 3.786249689732406e-15
34.76 3.746461800438776e-15
34.77 3.707092195914171e-15
34.78 3.668136476864433e-15
34.79 3.629590290286295e-15
34.800000000000004 3.591449328980064e-15
34.81 3.553709331067419e-15
34.82 3.516366079514296e-15
34.83 3.4794154016587963e-15
34.84 3.442853168744068e-15
34.85 3.4066752954561056e-15
34.86 3.3708777394664217e-15
34.87 3.3354565009795316e-15
34.88 3.300407622285209e-15
34.89 3.2657271873154515e-15
34.9 3.231411321206113e-15
34.910000000000004 3.1974561898631606e-15
34.92 3.163857999533492e-15
34.93 3.130612996380275e-15
34.94 3.0977174660627643e-15
34.95 3.0651677333205338e-15
34.96 3.0329601615620983e-15
34.97 3.001091152457864e-15
34.980000000000004 2.9695571455373624e-15
34.99 2.9383546177907328e-15
35.0 2.907480083274395e-15
35.01 2.8769300927208787e-15
35.02 2.8467012331527663e-15
35.03 2.8167901275006908e-15
35.04 2.7871934342253666e-15
35.050000000000004 2.7579078469435973e-15
35.06 2.7289300940582215e-15
35.07 2.700256938391956e-15
35.08 2.6718851768250946e-15
35.09 2.643811639937027e-15
35.1 2.6160331916515267e-15
35.11 2.5885467288857774e-15
35.12 2.561349181203095e-15
35.13 2.5344375104693086e-15
35.14 2.5078087105127583e-15
35.15 2.4814598067878727e-15
35.160000000000004 2.4553878560422918e-15
35.17 2.429589945987491e-15
35.18 2.404063194972881e-15
35.19 2.378804751663333e-15
35.2 2.353811794720104e-15
35.21 2.3290815324851155e-15
35.22 2.304611202668568e-15
35.230000000000004 2.280398072039833e-15
35.24 2.256439436121611e-15
35.25 2.2327326188872993e-15
35.26 2.209274972461559e-15
35.27 2.186063876824022e-15
35.28 2.1630967395161275e-15
35.29 2.1403709953510426e-15
35.300000000000004 2.1178841061266342e-15
35.31 2.0956335603414693e-15
35.32 2.0736168729138026e-15
35.33 2.0518315849035213e-15
35.34 2.030275263237022e-15
35.35 2.008945500434981e-15
35.36 1.987839914342993e-15
35.37 1.9669561478650444e-15
35.38 1.9462918686997967e-15
35.39 1.925844769079641e-15
35.4 1.9056125655125065e-15
35.410000000000004 1.88559299852638e-15
35.42 1.8657838324165245e-15
35.43 1.846182854995351e-15
35.44 1.8267878773449307e-15
35.45 1.807596733572108e-15
35.46 1.788607280566193e-15
35.47 1.7698173977592076e-15
35.480000000000004 1.7512249868886558e-15
35.49 1.7328279717627885e-15
35.5 1.7146242980283422e-15
35.51 1.6966119329407224e-15
35.52 1.678788865136607e-15
35.53 1.6611531044089452e-15
35.54 1.643702681484322e-15
35.550000000000004 1.6264356478026708e-15
35.56 1.6093500752993015e-15
35.57 1.5924440561892267e-15
35.58 1.575715702753755e-15
35.59 1.5591631471293363e-15
35.6 1.5427845410986235e-15
35.61 1.5265780558837406e-15
35.62 1.510541881941723e-15
35.63 1.4946742287621125e-15
35.64 1.4789733246666846e-15
35.65 1.4634374166112812e-15
35.660000000000004 1.4480647699897328e-15
35.67 1.432853668439844e-15
35.68 1.4178024136514187e-15
35.69 1.4029093251763115e-15
35.7 1.3881727402404759e-15
35.71 1.3735910135579902e-15
35.72 1.3591625171470432e-15
35.730000000000004 1.3448856401478566e-15
35.74 1.3307587886425234e-15
35.75 1.3167803854767432e-15
35.76 1.3029488700834359e-15
35.77 1.2892626983082088e-15
35.78 1.2757203422366657e-15
35.79 1.2623202900235295e-15
35.800000000000004 1.2490610457235655e-15
35.81 1.2359411291242856e-15
35.82 1.2229590755804107e-15
35.83 1.21011343585008e-15
35.84 1.1974027759327797e-15
35.85 1.1848256769089818e-15
35.86 1.1723807347814688e-15
35.87 1.160066560318329e-15
35.88 1.1478817788976047e-15
35.89 1.1358250303535764e-15
35.9 1.1238949688246646e-15
35.910000000000004 1.1120902626029314e-15
35.92 1.1004095939851686e-15
35.93 1.0888516591255513e-15
35.94 1.0774151678898442e-15
35.95 1.0660988437111406e-15
35.96 1.0549014234471228e-15
35.97 1.0438216572388207e-15
35.980000000000004 1.032858308370862e-15
35.99 1.0220101531331894e-15
36.0 1.011275980684236e-15
36.01 1.0006545929155395e-15
36.02 9.901448043177827e-16
36.03 9.797454418482408e-16
36.04 9.69455344799629e-16
36.050000000000004 9.592733646703255e-16
36.06 9.491983650359646e-16
36.07 9.39229221422379e-16
36.08 9.293648211798794e-16
36.09 9.196040633588586e-16
36.1 9.09945858586704e-16
36.11 9.003891289460065e-16
36.12 8.9093280785405e-16
36.13 8.815758399435703e-16
36.14 8.723171809447685e-16
36.15 8.631557975685668e-16
36.160000000000004 8.5409066739109215e-16
36.17 8.451207787393768e-16
36.18 8.36245130578261e-16
36.19 8.274627323984859e-16
36.2 8.187726041059655e-16
36.21 8.101737759122226e-16
36.22 8.016652882259782e-16
36.230000000000004 7.93246191545883e-16
36.24 7.849155463543761e-16
36.25 7.76672423012662e-16
36.26 7.685159016567924e-16
36.27 7.604450720948416e-16
36.28 7.524590337051649e-16
36.29 7.445568953357269e-16
36.300000000000004 7.367377752044889e-16
36.31 7.290008008008469e-16
36.32 7.213451087881035e-16
36.33 7.137698449069686e-16
36.34 7.062741638800756e-16
36.35 6.98857229317501e-16
36.36 6.915182136232797e-16
36.37 6.842562979029042e-16
36.38 6.770706718717948e-16
36.39 6.699605337647368e-16
36.4 6.629250902462681e-16
36.410000000000004 6.559635563220105e-16
36.42 6.490751552509349e-16
36.43 6.422591184585474e-16
36.44 6.355146854509936e-16
36.45 6.288411037300609e-16
36.46 6.222376287090801e-16
36.47 6.157035236297097e-16
36.480000000000004 6.092380594795962e-16
36.49 6.028405149109011e-16
36.5 5.965101761596853e-16
36.51 5.902463369661416e-16
36.52 5.840482984956668e-16
36.53 5.779153692607646e-16
36.54 5.718468650437692e-16
36.550000000000004 5.658421088203838e-16
36.56 5.599004306840217e-16
36.57 5.540211677709455e-16
36.58 5.482036641861927e-16
36.59 5.424472709302812e-16
36.6 5.367513458266858e-16
36.61 5.311152534500788e-16
36.62 5.255383650553242e-16
36.63 5.200200585072201e-16
36.64 5.145597182109803e-16
36.65 5.091567350434473e-16
36.660000000000004 5.038105062850284e-16
36.67 4.985204355523488e-16
36.68 4.932859327316133e-16
36.69 4.881064139126691e-16
36.7 4.829813013237617e-16
36.71 4.779100232669782e-16
36.72 4.728920140543698e-16
36.730000000000004 4.679267139447461e-16
36.74 4.630135690811338e-16
36.75 4.581520314288955e-16
36.76 4.533415587144966e-16
36.77 4.485816143649198e-16
36.78 4.4387166744771405e-16
36.79 4.392111926116765e-16
36.800000000000004 4.34599670028157e-16
36.81 4.3003658533298155e-16
36.82 4.255214295689856e-16
36.83 4.2105369912915276e-16
36.84 4.1663289570035125e-16
36.85 4.1225852620766296e-16
36.86 4.0793010275929733e-16
36.87 4.0364714259208574e-16
36.88 3.994091680175486e-16
36.89 3.952157063685305e-16
36.9 3.910662899463964e-16
36.910000000000004 3.8696045596878336e-16
36.92 3.828977465179025e-16
36.93 3.788777084893839e-16
36.94 3.74899893541661e-16
36.95 3.7096385804588594e-16
36.96 3.670691630363734e-16
36.97 3.632153741615645e-16
36.980000000000004 3.5940206163550785e-16
36.99 3.5562880018984953e-16
37.0 3.518951690263297e-16
37.01 3.4820075176977816e-16
37.02 3.4454513642160415e-16
37.03 3.4092791531377606e-16
37.04 3.3734868506328527e-16
37.050000000000004 3.3380704652708856e-16
37.06 3.3030260475752485e-16
37.07 3.2683496895820117e-16
37.08 3.234037524403421e-16
37.09 3.200085725795992e-16
37.1 3.1664905077331404e-16
37.11 3.1332481239823167e-16
37.12 3.1003548676865793e-16
37.13 3.0678070709505763e-16
37.14 3.0356011044308836e-16
37.15 3.0037333769306466e-16
37.160000000000004 2.9722003349984937e-16
37.17 2.9409984625316626e-16
37.18 2.9101242803833054e-16
37.19 2.87957434597392e-16
37.2 2.849345252906878e-16
37.21 2.8194336305879883e-16
37.22 2.789836143849065e-16
37.230000000000004 2.760549492575459e-16
37.24 2.7315704113375043e-16
37.25 2.7028956690258383e-16
37.26 2.674522068490568e-16
37.27 2.646446446184221e-16
37.28 2.618665671808458e-16
37.29 2.591176647964504e-16
37.300000000000004 2.5639763098072496e-16
37.31 2.537061624702995e-16
37.32 2.5104295918907953e-16
37.33 2.484077242147365e-16
37.34 2.4580016374555116e-16
37.35 2.432199870676052e-16
37.36 2.4066690652231847e-16
37.37 2.38140637474327e-16
37.38 2.356408982796999e-16
37.39 2.3316741025448956e-16
37.4 2.307198976436134e-16
37.410000000000004 2.2829808759006246e-16
37.42 2.2590171010443416e-16
37.43 2.2353049803478544e-16
37.44 2.211841870368031e-16
37.45 2.1886251554428756e-16
37.46 2.1656522473994762e-16
37.47 2.142920585265019e-16
37.480000000000004 2.1204276349808453e-16
37.49 2.0981708891195155e-16
37.5 2.0761478666048507e-16
37.51 2.054356112434915e-16
37.52 2.0327931974079167e-16
37.53 2.0114567178509854e-16
37.54 1.9903442953518108e-16
37.550000000000004 1.9694535764930962e-16
37.56 1.948782232589808e-16
37.57 1.928327959429193e-16
37.58 1.9080884770135236e-16
37.59 1.8880615293055504e-16
37.6 1.8682448839766366e-16
37.61 1.848636332157536e-16
37.62 1.8292336881917934e-16
37.63 1.8100347893917432e-16
37.64 1.7910374957970668e-16
37.65 1.7722396899358974e-16
37.660000000000004 1.7536392765884295e-16
37.67 1.7352341825530225e-16
37.68 1.717022356414757e-16
37.69 1.6990017683164327e-16
37.7 1.6811704097319677e-16
37.71 1.6635262932421866e-16
37.72 1.6460674523129628e-16
37.730000000000004 1.6287919410756979e-16
37.74 1.6116978341101055e-16
37.75 1.5947832262292845e-16
37.76 1.5780462322670483e-16
37.77 1.561484986867494e-16
37.78 1.5450976442767847e-16
37.79 1.528882378137116e-16
37.800000000000004 1.51283738128286e-16
37.81 1.4969608655388427e-16
37.82 1.4812510615207495e-16
37.83 1.465706218437628e-16
37.84 1.4503246038964664e-16
37.85 1.4351045037088304e-16
37.86 1.4200442216995305e-16
37.87 1.4051420795173035e-16
37.88 1.3903964164474846e-16
37.89 1.3758055892266497e-16
37.9 1.3613679718592054e-16
37.910000000000004 1.3470819554359123e-16
37.92 1.3329459479543136e-16
37.93 1.318958374141049e-16
37.94 1.3051176752760456e-16
37.95 1.2914223090185528e-16
37.96 1.2778707492350035e-16
37.97 1.264461485828693e-16
37.980000000000004 1.2511930245712448e-16
37.99 1.238063886935848e-16
38.0 1.2250726099322518e-16
38.01 1.2122177459434926e-16
38.02 1.1994978625643392e-16
38.03 1.1869115424414388e-16
38.04 1.1744573831151403e-16
38.050000000000004 1.1621339968629834e-16
38.06 1.1499400105448355e-16
38.07 1.1378740654496524e-16
38.08 1.125934817143855e-16
38.09 1.1141209353212994e-16
38.1 1.1024311036548242e-16
38.11 1.0908640196493586e-16
38.12 1.0794183944965767e-16
38.13 1.0680929529310796e-16
38.14 1.0568864330880894e-16
38.15 1.0457975863626411e-16
38.160000000000004 1.0348251772702553e-16
38.17 1.0239679833090735e-16
38.18 1.0132247948234478e-16
38.19 1.0025944148689609e-16
38.2 9.920756590788684e-17
38.21 9.816673555319444e-17
38.22 9.713683446217172e-17
38.230000000000004 9.61177478927081e-17
38.24 9.510936230842667e-17
38.25 9.41115653660161e-17
38.26 9.31242459026956e-17
38.27 9.214729392381193e-17
38.28 9.118060059056655e-17
38.29 9.022405820787218e-17
38.300000000000004 8.927756021233669e-17
38.31 8.834100116037378e-17
38.32 8.741427671643832e-17
38.33 8.649728364138568e-17
38.34 8.558991978095342e-17
38.35 8.469208405436398e-17
38.36 8.380367644304741e-17
38.37 8.292459797948262e-17
38.38 8.205475073615605e-17
38.39 8.119403781463633e-17
38.4 8.0342363334764e-17
38.410000000000004 7.949963242395482e-17
38.42 7.866575120661556e-17
38.43 7.784062679367122e-17
38.44 7.702416727220231e-17
38.45 7.621628169519111e-17
38.46 7.541688007137585e-17
38.47 7.46258733552115e-17
38.480000000000004 7.384317343693625e-17
38.49 7.306869313274234e-17
38.5 7.230234617505035e-17
38.51 7.154404720288583e-17
38.52 7.079371175235704e-17
38.53 7.005125624723281e-17
38.54 6.931659798961968e-17
38.550000000000004 6.858965515073693e-17
38.56 6.787034676178873e-17
38.57 6.715859270493229e-17
38.58 6.645431370434088e-17
38.59 6.575743131736103e-17
38.6 6.506786792576263e-17
38.61 6.438554672708113e-17
38.62 6.371039172605072e-17
38.63 6.304232772612765e-17
38.64 6.238128032110288e-17
38.65 6.172717588680257e-17
38.660000000000004 6.107994157287629e-17
38.67 6.043950529467133e-17
38.68 5.980579572519262e-17
38.69 5.91787422871471e-17
38.7 5.855827514507196e-17
38.71 5.794432519754551e-17
38.72 5.733682406948005e-17
38.730000000000004 5.673570410449589e-17
38.74 5.614089835737538e-17
38.75 5.555234058659661e-17
38.76 5.4969965246945396e-17
38.77 5.439370748220517e-17
38.78 5.382350311792366e-17
38.79 5.32592886542557e-17
38.800000000000004 5.270100125888137e-17
38.81 5.214857875999857e-17
38.82 5.16019596393894e-17
38.83 5.106108302555943e-17
38.84 5.0525888686949126e-17
38.85 4.9996317025216807e-17
38.86 4.947230906859212e-17
38.87 4.8953806465299645e-17
38.88 4.844075147705144e-17
38.89 4.793308697260832e-17
38.9 4.743075642140873e-17
38.910000000000004 4.693370388726463e-17
38.92 4.6441874022123835e-17
38.93 4.5955212059897895e-17
38.94 4.547366381035496e-17
38.95 4.4997175653076935e-17
38.96 4.4525694531480136e-17
38.97 4.4059167946898975e-17
38.980000000000004 4.3597543952731855e-17
38.99 4.3140771148648685e-17
39.0 4.268879867485928e-17
39.01 4.224157620644227e-17
39.02 4.1799053947733496e-17
39.03 4.1361182626773514e-17
39.04 4.0927913489813705e-17
39.050000000000004 4.0499198295879957e-17
39.06 4.0074989311393725e-17
39.07 3.9655239304849706e-17
39.08 3.923990154154947e-17
39.09 3.88289297783906e-17
39.1 3.842227825871064e-17
39.11 3.801990170718533e-17
39.12 3.762175532478054e-17
39.13 3.722779478375741e-17
39.14 3.6837976222729996e-17
39.15 3.6452256241774985e-17
39.160000000000004 3.6070591897592907e-17
39.17 3.569294069872032e-17
39.18 3.531926060079235e-17
39.19 3.4949510001855144e-17
39.2 3.4583647737727704e-17
39.21 3.422163307741253e-17
39.22 3.386342571855466e-17
39.230000000000004 3.3508985782948435e-17
39.24 3.315827381209167e-17
39.25 3.281125076278661e-17
39.26 3.2467878002787265e-17
39.27 3.21281173064925e-17
39.28 3.179193085068462e-17
39.29 3.1459281210312726e-17
39.300000000000004 3.1130131354320594e-17
39.31 3.080444464151846e-17
39.32 3.0482184816498275e-17
39.33 3.0163316005592064e-17
39.34 2.9847802712872817e-17
39.35 2.953560981619756e-17
39.36 2.9226702563292084e-17
39.37 2.8921046567876974e-17
39.38 2.861860780583443e-17
39.39 2.831935261141557e-17
39.4 2.802324767348757e-17
39.410000000000004 2.7730260031820512e-17
39.42 2.7440357073413283e-17
39.43 2.7153506528858236e-17
39.44 2.6869676468744183e-17
39.45 2.658883530009732e-17
39.46 2.6310951762859657e-17
39.47 2.6035994926404615e-17
39.480000000000004 2.5763934186089333e-17
39.49 2.549473925984339e-17
39.5 2.5228380184793454e-17
39.51 2.4964827313923588e-17
39.52 2.4704051312770717e-17
39.53 2.4446023156155044e-17
39.54 2.4190714124944913e-17
39.550000000000004 2.3938095802855798e-17
39.56 2.3688140073283097e-17
39.57 2.3440819116168363e-17
39.58 2.3196105404898583e-17
39.59 2.2953971703238198e-17
39.6 2.2714391062293523e-17
39.61 2.2477336817509188e-17
39.62 2.2242782585696324e-17
39.63 2.2010702262092098e-17
39.64 2.178107001745033e-17
39.65 2.1553860295162833e-17
39.660000000000004 2.1329047808411138e-17
39.67 2.1106607537348336e-17
39.68 2.088651472631069e-17
39.69 2.066874488105869e-17
39.7 2.0453273766047314e-17
39.71 2.0240077401725063e-17
39.72 2.0029132061861604e-17
39.730000000000004 1.9820414270903656e-17
39.74 1.9613900801358822e-17
39.75 1.9409568671207058e-17
39.76 1.9207395141339604e-17
39.77 1.90073577130249e-17
39.78 1.8809434125401372e-17
39.79 1.8613602352996738e-17
39.800000000000004 1.8419840603273535e-17
39.81 1.8228127314200667e-17
39.82 1.8038441151850604e-17
39.83 1.7850761008022065e-17
39.84 1.7665065997887842e-17
39.85 1.7481335457667557e-17
39.86 1.7299548942325047e-17
39.87 1.711968622329015e-17
39.88 1.6941727286204632e-17
39.89 1.676565232869201e-17
39.9 1.6591441758150978e-17
39.910000000000004 1.6419076189572247e-17
39.92 1.6248536443378546e-17
39.93 1.6079803543287513e-17
39.94 1.5912858714197245e-17
39.95 1.5747683380094316e-17
39.96 1.5584259161983926e-17
39.97 1.54225678758421e-17
39.980000000000004 1.526259153058957e-17
39.99 1.5104312326087202e-17
40.0 1.494771265115267e-17
